x,y,theta,x_dot,y_dot,theta_dot
-2.5,3.45,0,0.5,0,0
-2.49445,3.45,0,0.5,0,0
-2.4889,3.45,0,0.5,0,0
-2.48335,3.45,0,0.5,0,0
-2.4778,3.45,0,0.5,0,0
-2.4722,3.45,0,0.5,0,0
-2.46665,3.45,0,0.5,0,0
-2.4611,3.45,0,0.5,0,0
-2.45555,3.45,0,0.5,0,0
-2.45,3.45,0,0.5,0,0
-2.44445,3.45,0,0.5,0,0
-2.4389,3.45,0,0.5,0,0
-2.43335,3.45,0,0.5,0,0
-2.4278,3.45,0,0.5,0,0
-2.4222,3.45,0,0.5,0,0
-2.41665,3.45,0,0.5,0,0
-2.4111,3.45,0,0.5,0,0
-2.40555,3.45,0,0.5,0,0
-2.4,3.45,0,0.5,0,0
-2.39445,3.45,0,0.5,0,0
-2.3889,3.45,0,0.5,0,0
-2.38335,3.45,0,0.5,0,0
-2.3778,3.45,0,0.5,0,0
-2.3722,3.45,0,0.5,0,0
-2.36665,3.45,0,0.5,0,0
-2.3611,3.45,0,0.5,0,0
-2.35555,3.45,0,0.5,0,0
-2.35,3.45,1.571,0,0.5,0
-2.35,3.44445,1.571,0,0.5,0
-2.35,3.4389,1.571,0,0.5,0
-2.35,3.43335,1.571,0,0.5,0
-2.35,3.4278,1.571,0,0.5,0
-2.35,3.4222,1.571,0,0.5,0
-2.35,3.41665,1.571,0,0.5,0
-2.35,3.4111,1.571,0,0.5,0
-2.35,3.40555,1.571,0,0.5,0
-2.35,3.4,0,0.5,0,0
-2.34444999999999,3.4,0,0.5,0,0
-2.3389,3.4,0,0.5,0,0
-2.33335,3.4,0,0.5,0,0
-2.3278,3.4,0,0.5,0,0
-2.3222,3.4,0,0.5,0,0
-2.31665,3.4,0,0.5,0,0
-2.3111,3.4,0,0.5,0,0
-2.30555,3.4,0,0.5,0,0
-2.3,3.4,0,0.5,0,0
-2.29445,3.4,0,0.5,0,0
-2.2889,3.4,0,0.5,0,0
-2.28335,3.4,0,0.5,0,0
-2.2778,3.4,0,0.5,0,0
-2.2722,3.4,0,0.5,0,0
-2.26665,3.4,0,0.5,0,0
-2.2611,3.4,0,0.5,0,0
-2.25555,3.4,0,0.5,0,0
-2.25,3.4,0,0.5,0,0
-2.24445,3.4,0,0.5,0,0
-2.2389,3.4,0,0.5,0,0
-2.23335,3.4,0,0.5,0,0
-2.2278,3.4,0,0.5,0,0
-2.2222,3.4,0,0.5,0,0
-2.21665,3.4,0,0.5,0,0
-2.2111,3.4,0,0.5,0,0
-2.20555,3.4,0,0.5,0,0
-2.2,3.4,0,0.5,0,0
-2.19445,3.4,0,0.5,0,0
-2.1889,3.4,0,0.5,0,0
-2.18335,3.4,0,0.5,0,0
-2.1778,3.4,0,0.5,0,0
-2.1722,3.4,0,0.5,0,0
-2.16665,3.4,0,0.5,0,0
-2.1611,3.4,0,0.5,0,0
-2.15555,3.4,0,0.5,0,0
-2.15,3.4,1.571,0,0.5,0
-2.15,3.39445,1.571,0,0.5,0
-2.15,3.38889999999999,1.571,0,0.5,0
-2.15,3.38335,1.571,0,0.5,0
-2.15,3.3778,1.571,0,0.5,0
-2.15,3.3722,1.571,0,0.5,0
-2.15,3.36665,1.571,0,0.5,0
-2.15,3.3611,1.571,0,0.5,0
-2.15,3.35554999999999,1.571,0,0.5,0
-2.15,3.35,0,0.5,0,0
-2.14445,3.35,0,0.5,0,0
-2.1389,3.35,0,0.5,0,0
-2.13335,3.35,0,0.5,0,0
-2.1278,3.35,0,0.5,0,0
-2.1222,3.35,0,0.5,0,0
-2.11665,3.35,0,0.5,0,0
-2.1111,3.35,0,0.5,0,0
-2.10555,3.35,0,0.5,0,0
-2.1,3.35,0,0.5,0,0
-2.09444999999999,3.35,0,0.5,0,0
-2.0889,3.35,0,0.5,0,0
-2.08335,3.35,0,0.5,0,0
-2.0778,3.35,0,0.5,0,0
-2.0722,3.35,0,0.5,0,0
-2.06665,3.35,0,0.5,0,0
-2.0611,3.35,0,0.5,0,0
-2.05555,3.35,0,0.5,0,0
-2.05,3.35,0,0.5,0,0
-2.04445,3.35,0,0.5,0,0
-2.0389,3.35,0,0.5,0,0
-2.03335,3.35,0,0.5,0,0
-2.0278,3.35,0,0.5,0,0
-2.0222,3.35,0,0.5,0,0
-2.01665,3.35,0,0.5,0,0
-2.0111,3.35,0,0.5,0,0
-2.00555,3.35,0,0.5,0,0
-2,3.35,0,0.5,0,0
-1.99444999999999,3.35,0,0.5,0,0
-1.9889,3.35,0,0.5,0,0
-1.98335,3.35,0,0.5,0,0
-1.9778,3.35,0,0.5,0,0
-1.9722,3.35,0,0.5,0,0
-1.96665,3.35,0,0.5,0,0
-1.9611,3.35,0,0.5,0,0
-1.95555,3.35,0,0.5,0,0
-1.95,3.35,1.571,0,0.5,0
-1.95,3.34445,1.571,0,0.5,0
-1.95,3.33889999999999,1.571,0,0.5,0
-1.95,3.33335,1.571,0,0.5,0
-1.95,3.3278,1.571,0,0.5,0
-1.95,3.3222,1.571,0,0.5,0
-1.95,3.31665,1.571,0,0.5,0
-1.95,3.3111,1.571,0,0.5,0
-1.95,3.30554999999999,1.571,0,0.5,0
-1.95,3.3,0,0.5,0,0
-1.94444999999999,3.3,0,0.5,0,0
-1.9389,3.3,0,0.5,0,0
-1.93335,3.3,0,0.5,0,0
-1.9278,3.3,0,0.5,0,0
-1.9222,3.3,0,0.5,0,0
-1.91665,3.3,0,0.5,0,0
-1.9111,3.3,0,0.5,0,0
-1.90555,3.3,0,0.5,0,0
-1.9,3.3,0,0.5,0,0
-1.89445,3.3,0,0.5,0,0
-1.8889,3.3,0,0.5,0,0
-1.88335,3.3,0,0.5,0,0
-1.8778,3.3,0,0.5,0,0
-1.8722,3.3,0,0.5,0,0
-1.86665,3.3,0,0.5,0,0
-1.8611,3.3,0,0.5,0,0
-1.85555,3.3,0,0.5,0,0
-1.85,3.3,0,0.5,0,0
-1.84445,3.3,0,0.5,0,0
-1.8389,3.3,0,0.5,0,0
-1.83335,3.3,0,0.5,0,0
-1.82779999999999,3.3,0,0.5,0,0
-1.8222,3.3,0,0.5,0,0
-1.81665,3.3,0,0.5,0,0
-1.8111,3.3,0,0.5,0,0
-1.80555,3.3,0,0.5,0,0
-1.8,3.3,0,0.5,0,0
-1.79445,3.3,0,0.5,0,0
-1.7889,3.3,0,0.5,0,0
-1.78335,3.3,0,0.5,0,0
-1.7778,3.3,0,0.5,0,0
-1.7722,3.3,0,0.5,0,0
-1.76665,3.3,0,0.5,0,0
-1.7611,3.3,0,0.5,0,0
-1.75555,3.3,0,0.5,0,0
-1.75,3.3,0,0.5,0,0
-1.74445,3.3,0,0.5,0,0
-1.7389,3.3,0,0.5,0,0
-1.73335,3.3,0,0.5,0,0
-1.7278,3.3,0,0.5,0,0
-1.7222,3.3,0,0.5,0,0
-1.71665,3.3,0,0.5,0,0
-1.7111,3.3,0,0.5,0,0
-1.70555,3.3,0,0.5,0,0
-1.7,3.3,1.571,0,0.5,0
-1.7,3.29445,1.571,0,0.5,0
-1.7,3.2889,1.571,0,0.5,0
-1.7,3.28335,1.571,0,0.5,0
-1.7,3.2778,1.571,0,0.5,0
-1.7,3.2722,1.571,0,0.5,0
-1.7,3.26665,1.571,0,0.5,0
-1.7,3.2611,1.571,0,0.5,0
-1.7,3.25554999999999,1.571,0,0.5,0
-1.7,3.25,0,0.5,0,0
-1.69445,3.25,0,0.5,0,0
-1.6889,3.25,0,0.5,0,0
-1.68335,3.25,0,0.5,0,0
-1.6778,3.25,0,0.5,0,0
-1.6722,3.25,0,0.5,0,0
-1.66665,3.25,0,0.5,0,0
-1.6611,3.25,0,0.5,0,0
-1.65554999999999,3.25,0,0.5,0,0
-1.65,3.25,0,0.5,0,0
-1.64445,3.25,0,0.5,0,0
-1.6389,3.25,0,0.5,0,0
-1.63335,3.25,0,0.5,0,0
-1.6278,3.25,0,0.5,0,0
-1.6222,3.25,0,0.5,0,0
-1.61665,3.25,0,0.5,0,0
-1.6111,3.25,0,0.5,0,0
-1.60555,3.25,0,0.5,0,0
-1.6,3.25,0,0.5,0,0
-1.59445,3.25,0,0.5,0,0
-1.5889,3.25,0,0.5,0,0
-1.58335,3.25,0,0.5,0,0
-1.57779999999999,3.25,0,0.5,0,0
-1.5722,3.25,0,0.5,0,0
-1.56665,3.25,0,0.5,0,0
-1.5611,3.25,0,0.5,0,0
-1.55555,3.25,0,0.5,0,0
-1.55,3.25,0,0.5,0,0
-1.54445,3.25,0,0.5,0,0
-1.5389,3.25,0,0.5,0,0
-1.53335,3.25,0,0.5,0,0
-1.5278,3.25,0,0.5,0,0
-1.5222,3.25,0,0.5,0,0
-1.51665,3.25,0,0.5,0,0
-1.5111,3.25,0,0.5,0,0
-1.50555,3.25,0,0.5,0,0
-1.5,3.25,0,0.5,0,0
-1.49445,3.25,0,0.5,0,0
-1.4889,3.25,0,0.5,0,0
-1.48335,3.25,0,0.5,0,0
-1.4778,3.25,0,0.5,0,0
-1.4722,3.25,0,0.5,0,0
-1.46665,3.25,0,0.5,0,0
-1.4611,3.25,0,0.5,0,0
-1.45555,3.25,0,0.5,0,0
-1.45,3.25,0,0.5,0,0
-1.44445,3.25,0,0.5,0,0
-1.4389,3.25,0,0.5,0,0
-1.43335,3.25,0,0.5,0,0
-1.4278,3.25,0,0.5,0,0
-1.4222,3.25,0,0.5,0,0
-1.41665,3.25,0,0.5,0,0
-1.4111,3.25,0,0.5,0,0
-1.40554999999999,3.25,0,0.5,0,0
-1.4,3.25,1.571,0,0.5,0
-1.4,3.24445,1.571,0,0.5,0
-1.4,3.23889999999999,1.571,0,0.5,0
-1.4,3.23335,1.571,0,0.5,0
-1.4,3.2278,1.571,0,0.5,0
-1.4,3.2222,1.571,0,0.5,0
-1.4,3.21665,1.571,0,0.5,0
-1.4,3.2111,1.571,0,0.5,0
-1.4,3.20554999999999,1.571,0,0.5,0
-1.4,3.2,0,0.5,0,0
-1.39445,3.2,0,0.5,0,0
-1.3889,3.2,0,0.5,0,0
-1.38335,3.2,0,0.5,0,0
-1.3778,3.2,0,0.5,0,0
-1.3722,3.2,0,0.5,0,0
-1.36665,3.2,0,0.5,0,0
-1.3611,3.2,0,0.5,0,0
-1.35555,3.2,0,0.5,0,0
-1.35,3.2,0,0.5,0,0
-1.34445,3.2,0,0.5,0,0
-1.3389,3.2,0,0.5,0,0
-1.33335,3.2,0,0.5,0,0
-1.32779999999999,3.2,0,0.5,0,0
-1.3222,3.2,0,0.5,0,0
-1.31665,3.2,0,0.5,0,0
-1.3111,3.2,0,0.5,0,0
-1.30555,3.2,0,0.5,0,0
-1.3,3.2,0,0.5,0,0
-1.29445,3.2,0,0.5,0,0
-1.2889,3.2,0,0.5,0,0
-1.28335,3.2,0,0.5,0,0
-1.2778,3.2,0,0.5,0,0
-1.2722,3.2,0,0.5,0,0
-1.26665,3.2,0,0.5,0,0
-1.2611,3.2,0,0.5,0,0
-1.25555,3.2,0,0.5,0,0
-1.25,3.2,0,0.5,0,0
-1.24445,3.2,0,0.5,0,0
-1.2389,3.2,0,0.5,0,0
-1.23335,3.2,0,0.5,0,0
-1.2278,3.2,0,0.5,0,0
-1.2222,3.2,0,0.5,0,0
-1.21665,3.2,0,0.5,0,0
-1.2111,3.2,0,0.5,0,0
-1.20555,3.2,0,0.5,0,0
-1.2,3.2,0,0.5,0,0
-1.19445,3.2,0,0.5,0,0
-1.1889,3.2,0,0.5,0,0
-1.18335,3.2,0,0.5,0,0
-1.1778,3.2,0,0.5,0,0
-1.1722,3.2,0,0.5,0,0
-1.16665,3.2,0,0.5,0,0
-1.1611,3.2,0,0.5,0,0
-1.15554999999999,3.2,0,0.5,0,0
-1.15,3.2,0,0.5,0,0
-1.14445,3.2,0,0.5,0,0
-1.1389,3.2,0,0.5,0,0
-1.13335,3.2,0,0.5,0,0
-1.1278,3.2,0,0.5,0,0
-1.1222,3.2,0,0.5,0,0
-1.11665,3.2,0,0.5,0,0
-1.1111,3.2,0,0.5,0,0
-1.10554999999999,3.2,0,0.5,0,0
-1.1,3.2,0,0.5,0,0
-1.09445,3.2,0,0.5,0,0
-1.0889,3.2,0,0.5,0,0
-1.08335,3.2,0,0.5,0,0
-1.07779999999999,3.2,0,0.5,0,0
-1.0722,3.2,0,0.5,0,0
-1.06664999999999,3.2,0,0.5,0,0
-1.0611,3.2,0,0.5,0,0
-1.05555,3.2,0,0.5,0,0
-1.05,3.2,0,0.5,0,0
-1.04445,3.2,0,0.5,0,0
-1.0389,3.2,0,0.5,0,0
-1.03335,3.2,0,0.5,0,0
-1.02779999999999,3.2,0,0.5,0,0
-1.0222,3.2,0,0.5,0,0
-1.01665,3.2,0,0.5,0,0
-1.0111,3.2,0,0.5,0,0
-1.00555,3.2,0,0.5,0,0
-1,3.2,1.571,0,0.5,0
-1,3.19445,1.571,0,0.5,0
-1,3.1889,1.571,0,0.5,0
-1,3.18335,1.571,0,0.5,0
-1,3.1778,1.571,0,0.5,0
-1,3.1722,1.571,0,0.5,0
-1,3.16665,1.571,0,0.5,0
-1,3.1611,1.571,0,0.5,0
-1,3.15555,1.571,0,0.5,0
-1,3.15,0,0.5,0,0
-0.99445,3.15,0,0.5,0,0
-0.9889,3.15,0,0.5,0,0
-0.98335,3.15,0,0.5,0,0
-0.977799999999999,3.15,0,0.5,0,0
-0.9722,3.15,0,0.5,0,0
-0.96665,3.15,0,0.5,0,0
-0.9611,3.15,0,0.5,0,0
-0.955549999999999,3.15,0,0.5,0,0
-0.95,3.15,0,0.5,0,0
-0.94445,3.15,0,0.5,0,0
-0.9389,3.15,0,0.5,0,0
-0.93335,3.15,0,0.5,0,0
-0.9278,3.15,0,0.5,0,0
-0.9222,3.15,0,0.5,0,0
-0.91665,3.15,0,0.5,0,0
-0.9111,3.15,0,0.5,0,0
-0.905549999999999,3.15,0,0.5,0,0
-0.9,3.15,0,0.5,0,0
-0.89445,3.15,0,0.5,0,0
-0.8889,3.15,0,0.5,0,0
-0.88335,3.15,0,0.5,0,0
-0.877799999999999,3.15,0,0.5,0,0
-0.8722,3.15,0,0.5,0,0
-0.866649999999999,3.15,0,0.5,0,0
-0.8611,3.15,0,0.5,0,0
-0.855549999999999,3.15,0,0.5,0,0
-0.85,3.15,0,0.5,0,0
-0.84445,3.15,0,0.5,0,0
-0.8389,3.15,0,0.5,0,0
-0.83335,3.15,0,0.5,0,0
-0.827799999999999,3.15,0,0.5,0,0
-0.8222,3.15,0,0.5,0,0
-0.81665,3.15,0,0.5,0,0
-0.8111,3.15,0,0.5,0,0
-0.805549999999999,3.15,0,0.5,0,0
-0.8,3.15,0,0.5,0,0
-0.79445,3.15,0,0.5,0,0
-0.788899999999999,3.15,0,0.5,0,0
-0.78335,3.15,0,0.5,0,0
-0.777799999999999,3.15,0,0.5,0,0
-0.7722,3.15,0,0.5,0,0
-0.766649999999999,3.15,0,0.5,0,0
-0.7611,3.15,0,0.5,0,0
-0.755549999999999,3.15,0,0.5,0,0
-0.75,3.15,0,0.5,0,0
-0.74445,3.15,0,0.5,0,0
-0.7389,3.15,0,0.5,0,0
-0.73335,3.15,0,0.5,0,0
-0.727799999999999,3.15,0,0.5,0,0
-0.7222,3.15,0,0.5,0,0
-0.71665,3.15,0,0.5,0,0
-0.7111,3.15,0,0.5,0,0
-0.705549999999999,3.15,0,0.5,0,0
-0.7,3.15,0,0.5,0,0
-0.69445,3.15,0,0.5,0,0
-0.6889,3.15,0,0.5,0,0
-0.68335,3.15,0,0.5,0,0
-0.6778,3.15,0,0.5,0,0
-0.6722,3.15,0,0.5,0,0
-0.66665,3.15,0,0.5,0,0
-0.6611,3.15,0,0.5,0,0
-0.655549999999999,3.15,0,0.5,0,0
-0.65,3.15,0,0.5,0,0
-0.64445,3.15,0,0.5,0,0
-0.6389,3.15,0,0.5,0,0
-0.63335,3.15,0,0.5,0,0
-0.627799999999999,3.15,0,0.5,0,0
-0.6222,3.15,0,0.5,0,0
-0.616649999999999,3.15,0,0.5,0,0
-0.6111,3.15,0,0.5,0,0
-0.605549999999999,3.15,0,0.5,0,0
-0.6,3.15,0,0.5,0,0
-0.59445,3.15,0,0.5,0,0
-0.5889,3.15,0,0.5,0,0
-0.58335,3.15,0,0.5,0,0
-0.577799999999999,3.15,0,0.5,0,0
-0.5722,3.15,0,0.5,0,0
-0.56665,3.15,0,0.5,0,0
-0.5611,3.15,0,0.5,0,0
-0.555549999999999,3.15,0,0.5,0,0
-0.55,3.15,0,0.5,0,0
-0.54445,3.15,0,0.5,0,0
-0.538899999999999,3.15,0,0.5,0,0
-0.53335,3.15,0,0.5,0,0
-0.527799999999999,3.15,0,0.5,0,0
-0.5222,3.15,0,0.5,0,0
-0.516649999999999,3.15,0,0.5,0,0
-0.5111,3.15,0,0.5,0,0
-0.505549999999999,3.15,0,0.5,0,0
-0.5,3.15,0,0.5,0,0
-0.49445,3.15,0,0.5,0,0
-0.488899999999999,3.15,0,0.5,0,0
-0.48335,3.15,0,0.5,0,0
-0.477799999999999,3.15,0,0.5,0,0
-0.4722,3.15,0,0.5,0,0
-0.466649999999999,3.15,0,0.5,0,0
-0.4611,3.15,0,0.5,0,0
-0.455549999999999,3.15,0,0.5,0,0
-0.45,3.15,0,0.5,0,0
-0.44445,3.15,0,0.5,0,0
-0.438899999999999,3.15,0,0.5,0,0
-0.43335,3.15,0,0.5,0,0
-0.427799999999999,3.15,0,0.5,0,0
-0.4222,3.15,0,0.5,0,0
-0.416649999999999,3.15,0,0.5,0,0
-0.4111,3.15,0,0.5,0,0
-0.405549999999999,3.15,0,0.5,0,0
-0.4,3.15,0,0.5,0,0
-0.39445,3.15,0,0.5,0,0
-0.388899999999999,3.15,0,0.5,0,0
-0.38335,3.15,0,0.5,0,0
-0.377799999999999,3.15,0,0.5,0,0
-0.3722,3.15,0,0.5,0,0
-0.366649999999999,3.15,0,0.5,0,0
-0.3611,3.15,0,0.5,0,0
-0.355549999999999,3.15,0,0.5,0,0
-0.35,3.15,0,0.5,0,0
-0.34445,3.15,0,0.5,0,0
-0.3389,3.15,0,0.5,0,0
-0.33335,3.15,0,0.5,0,0
-0.327799999999999,3.15,0,0.5,0,0
-0.3222,3.15,0,0.5,0,0
-0.316649999999999,3.15,0,0.5,0,0
-0.3111,3.15,0,0.5,0,0
-0.305549999999999,3.15,0,0.5,0,0
-0.3,3.15,0,0.5,0,0
-0.29445,3.15,0,0.5,0,0
-0.288899999999999,3.15,0,0.5,0,0
-0.28335,3.15,0,0.5,0,0
-0.277799999999999,3.15,0,0.5,0,0
-0.2722,3.15,0,0.5,0,0
-0.266649999999999,3.15,0,0.5,0,0
-0.2611,3.15,0,0.5,0,0
-0.255549999999999,3.15,0,0.5,0,0
-0.25,3.15,0,0.5,0,0
-0.24445,3.15,0,0.5,0,0
-0.238899999999999,3.15,0,0.5,0,0
-0.23335,3.15,0,0.5,0,0
-0.227799999999999,3.15,0,0.5,0,0
-0.2222,3.15,0,0.5,0,0
-0.216649999999999,3.15,0,0.5,0,0
-0.2111,3.15,0,0.5,0,0
-0.205549999999999,3.15,0,0.5,0,0
-0.2,3.15,0,0.5,0,0
-0.194449999999999,3.15,0,0.5,0,0
-0.1889,3.15,0,0.5,0,0
-0.18335,3.15,0,0.5,0,0
-0.177799999999999,3.15,0,0.5,0,0
-0.1722,3.15,0,0.5,0,0
-0.166649999999999,3.15,0,0.5,0,0
-0.161099999999999,3.15,0,0.5,0,0
-0.15555,3.15,0,0.5,0,0
-0.15,3.15,0,0.5,0,0
-0.144449999999999,3.15,0,0.5,0,0
-0.1389,3.15,0,0.5,0,0
-0.13335,3.15,0,0.5,0,0
-0.127799999999999,3.15,0,0.5,0,0
-0.1222,3.15,0,0.5,0,0
-0.116649999999999,3.15,0,0.5,0,0
-0.111099999999999,3.15,0,0.5,0,0
-0.10555,3.15,0,0.5,0,0
-0.1,3.15,0,0.5,0,0
-0.09445,3.15,0,0.5,0,0
-0.0889,3.15,0,0.5,0,0
-0.08335,3.15,0,0.5,0,0
-0.0778,3.15,0,0.5,0,0
-0.0722,3.15,0,0.5,0,0
-0.06665,3.15,0,0.5,0,0
-0.0611,3.15,0,0.5,0,0
-0.05555,3.15,0,0.5,0,0
-0.05,3.15,0,0.5,0,0
-0.04445,3.15,0,0.5,0,0
-0.0389,3.15,0,0.5,0,0
-0.03335,3.15,0,0.5,0,0
-0.0278,3.15,0,0.5,0,0
-0.0222,3.15,0,0.5,0,0
-0.01665,3.15,0,0.5,0,0
-0.0111,3.15,0,0.5,0,0
-0.00555,3.15,0,0.5,0,0
0,3.15,0,0.5,0,0
0.00555,3.15,0,0.5,0,0
0.0111,3.15,0,0.5,0,0
0.01665,3.15,0,0.5,0,0
0.0222,3.15,0,0.5,0,0
0.0278,3.15,0,0.5,0,0
0.03335,3.15,0,0.5,0,0
0.0389,3.15,0,0.5,0,0
0.04445,3.15,0,0.5,0,0
0.05,3.15,0,0.5,0,0
0.05555,3.15,0,0.5,0,0
0.0611,3.15,0,0.5,0,0
0.06665,3.15,0,0.5,0,0
0.0722,3.15,0,0.5,0,0
0.0778,3.15,0,0.5,0,0
0.08335,3.15,0,0.5,0,0
0.0889,3.15,0,0.5,0,0
0.09445,3.15,0,0.5,0,0
0.1,3.15,0,0.5,0,0
0.10555,3.15,0,0.5,0,0
0.111099999999999,3.15,0,0.5,0,0
0.116649999999999,3.15,0,0.5,0,0
0.1222,3.15,0,0.5,0,0
0.127799999999999,3.15,0,0.5,0,0
0.13335,3.15,0,0.5,0,0
0.1389,3.15,0,0.5,0,0
0.144449999999999,3.15,0,0.5,0,0
0.15,3.15,0,0.5,0,0
0.15555,3.15,0,0.5,0,0
0.161099999999999,3.15,0,0.5,0,0
0.166649999999999,3.15,0,0.5,0,0
0.1722,3.15,0,0.5,0,0
0.177799999999999,3.15,0,0.5,0,0
0.18335,3.15,0,0.5,0,0
0.1889,3.15,0,0.5,0,0
0.194449999999999,3.15,0,0.5,0,0
0.2,3.15,0,0.5,0,0
0.20555,3.15,0,0.5,0,0
0.211099999999999,3.15,0,0.5,0,0
0.216649999999999,3.15,0,0.5,0,0
0.2222,3.15,0,0.5,0,0
0.227799999999999,3.15,0,0.5,0,0
0.23335,3.15,0,0.5,0,0
0.2389,3.15,0,0.5,0,0
0.244449999999999,3.15,0,0.5,0,0
0.25,3.15,0,0.5,0,0
0.25555,3.15,0,0.5,0,0
0.261099999999999,3.15,0,0.5,0,0
0.266649999999999,3.15,0,0.5,0,0
0.2722,3.15,0,0.5,0,0
0.277799999999999,3.15,0,0.5,0,0
0.28335,3.15,0,0.5,0,0
0.2889,3.15,0,0.5,0,0
0.294449999999999,3.15,0,0.5,0,0
0.3,3.15,0,0.5,0,0
0.30555,3.15,0,0.5,0,0
0.311099999999999,3.15,0,0.5,0,0
0.316649999999999,3.15,0,0.5,0,0
0.3222,3.15,0,0.5,0,0
0.327799999999999,3.15,0,0.5,0,0
0.33335,3.15,0,0.5,0,0
0.3389,3.15,0,0.5,0,0
0.344449999999999,3.15,0,0.5,0,0
0.35,3.15,0,0.5,0,0
0.35555,3.15,0,0.5,0,0
0.361099999999999,3.15,0,0.5,0,0
0.366649999999999,3.15,0,0.5,0,0
0.3722,3.15,0,0.5,0,0
0.377799999999999,3.15,0,0.5,0,0
0.38335,3.15,0,0.5,0,0
0.3889,3.15,0,0.5,0,0
0.394449999999999,3.15,0,0.5,0,0
0.4,3.15,0,0.5,0,0
0.40555,3.15,0,0.5,0,0
0.411099999999999,3.15,0,0.5,0,0
0.416649999999999,3.15,0,0.5,0,0
0.4222,3.15,0,0.5,0,0
0.427799999999999,3.15,0,0.5,0,0
0.43335,3.15,0,0.5,0,0
0.4389,3.15,0,0.5,0,0
0.444449999999999,3.15,0,0.5,0,0
0.45,3.15,0,0.5,0,0
0.45555,3.15,0,0.5,0,0
0.461099999999999,3.15,0,0.5,0,0
0.466649999999999,3.15,0,0.5,0,0
0.4722,3.15,0,0.5,0,0
0.477799999999999,3.15,0,0.5,0,0
0.48335,3.15,0,0.5,0,0
0.4889,3.15,0,0.5,0,0
0.494449999999999,3.15,0,0.5,0,0
0.5,3.15,0,0.5,0,0
0.50555,3.15,0,0.5,0,0
0.511099999999999,3.15,0,0.5,0,0
0.516649999999999,3.15,0,0.5,0,0
0.5222,3.15,0,0.5,0,0
0.527799999999999,3.15,0,0.5,0,0
0.53335,3.15,0,0.5,0,0
0.5389,3.15,0,0.5,0,0
0.544449999999999,3.15,0,0.5,0,0
0.55,3.15,0,0.5,0,0
0.55555,3.15,0,0.5,0,0
0.561099999999999,3.15,0,0.5,0,0
0.56665,3.15,0,0.5,0,0
0.5722,3.15,0,0.5,0,0
0.577799999999999,3.15,0,0.5,0,0
0.58335,3.15,0,0.5,0,0
0.5889,3.15,0,0.5,0,0
0.594449999999999,3.15,0,0.5,0,0
0.6,3.15,0,0.5,0,0
0.60555,3.15,0,0.5,0,0
0.611099999999999,3.15,0,0.5,0,0
0.616649999999999,3.15,0,0.5,0,0
0.6222,3.15,0,0.5,0,0
0.627799999999999,3.15,0,0.5,0,0
0.63335,3.15,0,0.5,0,0
0.6389,3.15,0,0.5,0,0
0.644449999999999,3.15,0,0.5,0,0
0.65,3.15,0,0.5,0,0
0.65555,3.15,0,0.5,0,0
0.661099999999999,3.15,0,0.5,0,0
0.66665,3.15,0,0.5,0,0
0.6722,3.15,0,0.5,0,0
0.6778,3.15,0,0.5,0,0
0.68335,3.15,0,0.5,0,0
0.6889,3.15,0,0.5,0,0
0.694449999999999,3.15,0,0.5,0,0
0.7,3.15,0,0.5,0,0
0.70555,3.15,0,0.5,0,0
0.711099999999999,3.15,0,0.5,0,0
0.71665,3.15,0,0.5,0,0
0.7222,3.15,0,0.5,0,0
0.727799999999999,3.15,0,0.5,0,0
0.73335,3.15,0,0.5,0,0
0.7389,3.15,0,0.5,0,0
0.744449999999999,3.15,0,0.5,0,0
0.75,3.15,0,0.5,0,0
0.75555,3.15,0,0.5,0,0
0.761099999999999,3.15,0,0.5,0,0
0.766649999999999,3.15,0,0.5,0,0
0.7722,3.15,0,0.5,0,0
0.777799999999999,3.15,0,0.5,0,0
0.78335,3.15,0,0.5,0,0
0.7889,3.15,0,0.5,0,0
0.794449999999999,3.15,0,0.5,0,0
0.8,3.15,0,0.5,0,0
0.80555,3.15,0,0.5,0,0
0.811099999999999,3.15,0,0.5,0,0
0.81665,3.15,0,0.5,0,0
0.8222,3.15,0,0.5,0,0
0.827799999999999,3.15,0,0.5,0,0
0.83335,3.15,0,0.5,0,0
0.8389,3.15,0,0.5,0,0
0.844449999999999,3.15,0,0.5,0,0
0.85,3.15,0,0.5,0,0
0.85555,3.15,0,0.5,0,0
0.861099999999999,3.15,0,0.5,0,0
0.866649999999999,3.15,0,0.5,0,0
0.8722,3.15,0,0.5,0,0
0.877799999999999,3.15,0,0.5,0,0
0.88335,3.15,0,0.5,0,0
0.8889,3.15,0,0.5,0,0
0.894449999999999,3.15,0,0.5,0,0
0.9,3.15,0,0.5,0,0
0.90555,3.15,0,0.5,0,0
0.911099999999999,3.15,0,0.5,0,0
0.91665,3.15,0,0.5,0,0
0.9222,3.15,0,0.5,0,0
0.9278,3.15,0,0.5,0,0
0.93335,3.15,0,0.5,0,0
0.9389,3.15,0,0.5,0,0
0.944449999999999,3.15,0,0.5,0,0
0.95,3.15,0,0.5,0,0
0.95555,3.15,0,0.5,0,0
0.961099999999999,3.15,0,0.5,0,0
0.96665,3.15,0,0.5,0,0
0.9722,3.15,0,0.5,0,0
0.977799999999999,3.15,0,0.5,0,0
0.98335,3.15,0,0.5,0,0
0.9889,3.15,0,0.5,0,0
0.994449999999999,3.15,0,0.5,0,0
1,3.15,0,0.5,0,0
1.00555,3.15,0,0.5,0,0
1.01109999999999,3.15,0,0.5,0,0
1.01665,3.15,0,0.5,0,0
1.0222,3.15,0,0.5,0,0
1.02779999999999,3.15,0,0.5,0,0
1.03335,3.15,0,0.5,0,0
1.0389,3.15,0,0.5,0,0
1.04444999999999,3.15,0,0.5,0,0
1.05,3.15,0,0.5,0,0
1.05555,3.15,0,0.5,0,0
1.06109999999999,3.15,0,0.5,0,0
1.06664999999999,3.15,0,0.5,0,0
1.0722,3.15,0,0.5,0,0
1.07779999999999,3.15,0,0.5,0,0
1.08335,3.15,0,0.5,0,0
1.0889,3.15,0,0.5,0,0
1.09445,3.15,0,0.5,0,0
1.1,3.15,0,0.5,0,0
1.10555,3.15,0,0.5,0,0
1.11109999999999,3.15,0,0.5,0,0
1.11665,3.15,0,0.5,0,0
1.1222,3.15,0,0.5,0,0
1.1278,3.15,0,0.5,0,0
1.13335,3.15,0,0.5,0,0
1.1389,3.15,0,0.5,0,0
1.14444999999999,3.15,0,0.5,0,0
1.15,3.15,0,0.5,0,0
1.15555,3.15,0,0.5,0,0
1.16109999999999,3.15,0,0.5,0,0
1.16665,3.15,0,0.5,0,0
1.1722,3.15,0,0.5,0,0
1.1778,3.15,0,0.5,0,0
1.18335,3.15,0,0.5,0,0
1.1889,3.15,0,0.5,0,0
1.19444999999999,3.15,0,0.5,0,0
1.2,3.15,0,0.5,0,0
1.20555,3.15,0,0.5,0,0
1.21109999999999,3.15,0,0.5,0,0
1.21665,3.15,0,0.5,0,0
1.2222,3.15,0,0.5,0,0
1.2278,3.15,0,0.5,0,0
1.23335,3.15,0,0.5,0,0
1.2389,3.15,0,0.5,0,0
1.24444999999999,3.15,0,0.5,0,0
1.25,3.15,0,0.5,0,0
1.25555,3.15,0,0.5,0,0
1.26109999999999,3.15,0,0.5,0,0
1.26665,3.15,0,0.5,0,0
1.2722,3.15,0,0.5,0,0
1.2778,3.15,0,0.5,0,0
1.28335,3.15,0,0.5,0,0
1.2889,3.15,0,0.5,0,0
1.29444999999999,3.15,0,0.5,0,0
1.3,3.15,0,0.5,0,0
1.30555,3.15,0,0.5,0,0
1.31109999999999,3.15,0,0.5,0,0
1.31665,3.15,0,0.5,0,0
1.3222,3.15,0,0.5,0,0
1.32779999999999,3.15,0,0.5,0,0
1.33335,3.15,0,0.5,0,0
1.3389,3.15,0,0.5,0,0
1.34445,3.15,0,0.5,0,0
1.35,3.15,0,0.5,0,0
1.35555,3.15,0,0.5,0,0
1.36109999999999,3.15,0,0.5,0,0
1.36665,3.15,0,0.5,0,0
1.3722,3.15,0,0.5,0,0
1.3778,3.15,0,0.5,0,0
1.38335,3.15,0,0.5,0,0
1.3889,3.15,0,0.5,0,0
1.39445,3.15,0,0.5,0,0
1.4,3.15,0,0.5,0,0
1.40555,3.15,0,0.5,0,0
1.41109999999999,3.15,0,0.5,0,0
1.41665,3.15,0,0.5,0,0
1.4222,3.15,0,0.5,0,0
1.4278,3.15,0,0.5,0,0
1.43335,3.15,0,0.5,0,0
1.4389,3.15,0,0.5,0,0
1.44444999999999,3.15,0,0.5,0,0
1.45,3.15,-0.785,0.354,-0.354,0
1.45385,3.15385,-0.785,0.354,-0.354,0
1.4577,3.1577,-0.785,0.354,-0.354,0
1.46155,3.16155,-0.785,0.354,-0.354,0
1.4654,3.1654,-0.785,0.354,-0.354,0
1.46925,3.16925,-0.785,0.354,-0.354,0
1.4731,3.1731,-0.785,0.354,-0.354,0
1.47689999999999,3.1769,-0.785,0.354,-0.354,0
1.48074999999999,3.18075,-0.785,0.354,-0.354,0
1.48459999999999,3.1846,-0.785,0.354,-0.354,0
1.48845,3.18845,-0.785,0.354,-0.354,0
1.4923,3.1923,-0.785,0.354,-0.354,0
1.49615,3.19615,-0.785,0.354,-0.354,0
1.5,3.2,0,0.5,0,0
1.50555,3.2,0,0.5,0,0
1.51109999999999,3.2,0,0.5,0,0
1.51665,3.2,0,0.5,0,0
1.5222,3.2,0,0.5,0,0
1.5278,3.2,0,0.5,0,0
1.53335,3.2,0,0.5,0,0
1.5389,3.2,0,0.5,0,0
1.54444999999999,3.2,0,0.5,0,0
1.55,3.2,0,0.5,0,0
1.55555,3.2,0,0.5,0,0
1.56109999999999,3.2,0,0.5,0,0
1.56665,3.2,0,0.5,0,0
1.5722,3.2,0,0.5,0,0
1.57779999999999,3.2,0,0.5,0,0
1.58335,3.2,0,0.5,0,0
1.5889,3.2,0,0.5,0,0
1.59445,3.2,0,0.5,0,0
1.6,3.2,0,0.5,0,0
1.60555,3.2,0,0.5,0,0
1.61109999999999,3.2,0,0.5,0,0
1.61665,3.2,0,0.5,0,0
1.6222,3.2,0,0.5,0,0
1.6278,3.2,0,0.5,0,0
1.63335,3.2,0,0.5,0,0
1.6389,3.2,0,0.5,0,0
1.64445,3.2,0,0.5,0,0
1.65,3.2,0,0.5,0,0
1.65555,3.2,0,0.5,0,0
1.66109999999999,3.2,0,0.5,0,0
1.66665,3.2,0,0.5,0,0
1.6722,3.2,0,0.5,0,0
1.6778,3.2,0,0.5,0,0
1.68335,3.2,0,0.5,0,0
1.6889,3.2,0,0.5,0,0
1.69444999999999,3.2,0,0.5,0,0
1.7,3.2,0,0.5,0,0
1.70555,3.2,0,0.5,0,0
1.71109999999999,3.2,0,0.5,0,0
1.71665,3.2,0,0.5,0,0
1.7222,3.2,0,0.5,0,0
1.7278,3.2,0,0.5,0,0
1.73335,3.2,0,0.5,0,0
1.7389,3.2,0,0.5,0,0
1.74444999999999,3.2,0,0.5,0,0
1.75,3.2,0,0.5,0,0
1.75555,3.2,0,0.5,0,0
1.76109999999999,3.2,0,0.5,0,0
1.76665,3.2,0,0.5,0,0
1.7722,3.2,0,0.5,0,0
1.7778,3.2,0,0.5,0,0
1.78335,3.2,0,0.5,0,0
1.7889,3.2,0,0.5,0,0
1.79444999999999,3.2,0,0.5,0,0
1.8,3.2,0,0.5,0,0
1.80555,3.2,0,0.5,0,0
1.81109999999999,3.2,0,0.5,0,0
1.81665,3.2,0,0.5,0,0
1.8222,3.2,0,0.5,0,0
1.82779999999999,3.2,0,0.5,0,0
1.83335,3.2,0,0.5,0,0
1.8389,3.2,0,0.5,0,0
1.84445,3.2,0,0.5,0,0
1.85,3.2,0,0.5,0,0
1.85555,3.2,0,0.5,0,0
1.86109999999999,3.2,0,0.5,0,0
1.86665,3.2,0,0.5,0,0
1.8722,3.2,0,0.5,0,0
1.8778,3.2,0,0.5,0,0
1.88335,3.2,0,0.5,0,0
1.8889,3.2,0,0.5,0,0
1.89445,3.2,0,0.5,0,0
1.9,3.2,0,0.5,0,0
1.90555,3.2,0,0.5,0,0
1.91109999999999,3.2,0,0.5,0,0
1.91665,3.2,0,0.5,0,0
1.9222,3.2,0,0.5,0,0
1.9278,3.2,0,0.5,0,0
1.93335,3.2,0,0.5,0,0
1.9389,3.2,0,0.5,0,0
1.94444999999999,3.2,0,0.5,0,0
1.95,3.2,1.571,0,0.5,0
1.95,3.19445,1.571,0,0.5,0
1.95,3.1889,1.571,0,0.5,0
1.95,3.18335,1.571,0,0.5,0
1.95,3.1778,1.571,0,0.5,0
1.95,3.1722,1.571,0,0.5,0
1.95,3.16665,1.571,0,0.5,0
1.95,3.1611,1.571,0,0.5,0
1.95,3.15555,1.571,0,0.5,0
1.95,3.15,0,0.5,0,0
1.95555,3.15,0,0.5,0,0
1.96109999999999,3.15,0,0.5,0,0
1.96665,3.15,0,0.5,0,0
1.9722,3.15,0,0.5,0,0
1.9778,3.15,0,0.5,0,0
1.98335,3.15,0,0.5,0,0
1.9889,3.15,0,0.5,0,0
1.99444999999999,3.15,0,0.5,0,0
2,3.15,0,0.5,0,0
2.00555,3.15,0,0.5,0,0
2.0111,3.15,0,0.5,0,0
2.01665,3.15,0,0.5,0,0
2.0222,3.15,0,0.5,0,0
2.0278,3.15,0,0.5,0,0
2.03335,3.15,0,0.5,0,0
2.0389,3.15,0,0.5,0,0
2.04445,3.15,0,0.5,0,0
2.05,3.15,0,0.5,0,0
2.05555,3.15,0,0.5,0,0
2.06109999999999,3.15,0,0.5,0,0
2.06665,3.15,0,0.5,0,0
2.0722,3.15,0,0.5,0,0
2.0778,3.15,0,0.5,0,0
2.08335,3.15,0,0.5,0,0
2.0889,3.15,0,0.5,0,0
2.09444999999999,3.15,0,0.5,0,0
2.1,3.15,0,0.5,0,0
2.10555,3.15,0,0.5,0,0
2.1111,3.15,0,0.5,0,0
2.11665,3.15,0,0.5,0,0
2.1222,3.15,0,0.5,0,0
2.1278,3.15,0,0.5,0,0
2.13335,3.15,0,0.5,0,0
2.1389,3.15,0,0.5,0,0
2.14445,3.15,0,0.5,0,0
2.15,3.15,0,0.5,0,0
2.15555,3.15,0,0.5,0,0
2.1611,3.15,0,0.5,0,0
2.16665,3.15,0,0.5,0,0
2.1722,3.15,0,0.5,0,0
2.1778,3.15,0,0.5,0,0
2.18335,3.15,0,0.5,0,0
2.1889,3.15,0,0.5,0,0
2.19445,3.15,0,0.5,0,0
2.2,3.15,0,0.5,0,0
2.20555,3.15,0,0.5,0,0
2.21109999999999,3.15,0,0.5,0,0
2.21665,3.15,0,0.5,0,0
2.2222,3.15,0,0.5,0,0
2.2278,3.15,0,0.5,0,0
2.23335,3.15,0,0.5,0,0
2.2389,3.15,0,0.5,0,0
2.24445,3.15,0,0.5,0,0
2.25,3.15,0,0.5,0,0
2.25555,3.15,0,0.5,0,0
2.2611,3.15,0,0.5,0,0
2.26665,3.15,0,0.5,0,0
2.2722,3.15,0,0.5,0,0
2.2778,3.15,0,0.5,0,0
2.28335,3.15,0,0.5,0,0
2.2889,3.15,0,0.5,0,0
2.29445,3.15,0,0.5,0,0
2.3,3.15,0,0.5,0,0
2.30555,3.15,0,0.5,0,0
2.31109999999999,3.15,0,0.5,0,0
2.31665,3.15,0,0.5,0,0
2.3222,3.15,0,0.5,0,0
2.3278,3.15,0,0.5,0,0
2.33335,3.15,0,0.5,0,0
2.3389,3.15,0,0.5,0,0
2.34444999999999,3.15,0,0.5,0,0
2.35,3.15,0,0.5,0,0
2.35555,3.15,0,0.5,0,0
2.3611,3.15,0,0.5,0,0
2.36665,3.15,0,0.5,0,0
2.3722,3.15,0,0.5,0,0
2.3778,3.15,0,0.5,0,0
2.38335,3.15,0,0.5,0,0
2.3889,3.15,0,0.5,0,0
2.39445,3.15,0,0.5,0,0
2.4,3.15,0,0.5,0,0
2.40555,3.15,0,0.5,0,0
2.4111,3.15,0,0.5,0,0
2.41665,3.15,0,0.5,0,0
2.4222,3.15,0,0.5,0,0
2.4278,3.15,0,0.5,0,0
2.43335,3.15,0,0.5,0,0
2.4389,3.15,0,0.5,0,0
2.44445,3.15,0,0.5,0,0
2.45,3.15,0,0.5,0,0
2.45555,3.15,0,0.5,0,0
2.4611,3.15,0,0.5,0,0
2.46665,3.15,0,0.5,0,0
2.4722,3.15,0,0.5,0,0
2.4778,3.15,0,0.5,0,0
2.48335,3.15,0,0.5,0,0
2.4889,3.15,0,0.5,0,0
2.49445,3.15,0,0.5,0,0
2.5,3.15,0,0.5,0,0
2.50555,3.15,0,0.5,0,0
2.5111,3.15,0,0.5,0,0
2.51665,3.15,0,0.5,0,0
2.5222,3.15,0,0.5,0,0
2.5278,3.15,0,0.5,0,0
2.53335,3.15,0,0.5,0,0
2.5389,3.15,0,0.5,0,0
2.54445,3.15,0,0.5,0,0
2.55,3.15,0,0.5,0,0
2.55555,3.15,0,0.5,0,0
2.56109999999999,3.15,0,0.5,0,0
2.56665,3.15,0,0.5,0,0
2.5722,3.15,0,0.5,0,0
2.5778,3.15,0,0.5,0,0
2.58335,3.15,0,0.5,0,0
2.5889,3.15,0,0.5,0,0
2.59445,3.15,0,0.5,0,0
2.6,3.15,0,0.5,0,0
2.60555,3.15,0,0.5,0,0
2.6111,3.15,0,0.5,0,0
2.61665,3.15,0,0.5,0,0
2.6222,3.15,0,0.5,0,0
2.6278,3.15,0,0.5,0,0
2.63335,3.15,0,0.5,0,0
2.6389,3.15,0,0.5,0,0
2.64445,3.15,0,0.5,0,0
2.65,3.15,0,0.5,0,0
2.65555,3.15,0,0.5,0,0
2.6611,3.15,0,0.5,0,0
2.66665,3.15,0,0.5,0,0
2.6722,3.15,0,0.5,0,0
2.6778,3.15,0,0.5,0,0
2.68335,3.15,0,0.5,0,0
2.6889,3.15,0,0.5,0,0
2.69445,3.15,0,0.5,0,0
2.7,3.15,1.571,0,0.5,0
2.7,3.14445,1.571,0,0.5,0
2.7,3.1389,1.571,0,0.5,0
2.7,3.13335,1.571,0,0.5,0
2.7,3.1278,1.571,0,0.5,0
2.7,3.1222,1.571,0,0.5,0
2.7,3.11665,1.571,0,0.5,0
2.7,3.1111,1.571,0,0.5,0
2.7,3.10555,1.571,0,0.5,0
2.7,3.1,0,0.5,0,0
2.70555,3.1,0,0.5,0,0
2.7111,3.1,0,0.5,0,0
2.71665,3.1,0,0.5,0,0
2.7222,3.1,0,0.5,0,0
2.7278,3.1,0,0.5,0,0
2.73335,3.1,0,0.5,0,0
2.7389,3.1,0,0.5,0,0
2.74445,3.1,0,0.5,0,0
2.75,3.1,0,0.5,0,0
2.75555,3.1,0,0.5,0,0
2.7611,3.1,0,0.5,0,0
2.76665,3.1,0,0.5,0,0
2.7722,3.1,0,0.5,0,0
2.7778,3.1,0,0.5,0,0
2.78335,3.1,0,0.5,0,0
2.7889,3.1,0,0.5,0,0
2.79445,3.1,0,0.5,0,0
2.8,3.1,0,0.5,0,0
2.80555,3.1,0,0.5,0,0
2.81109999999999,3.1,0,0.5,0,0
2.81665,3.1,0,0.5,0,0
2.8222,3.1,0,0.5,0,0
2.8278,3.1,0,0.5,0,0
2.83335,3.1,0,0.5,0,0
2.8389,3.1,0,0.5,0,0
2.84445,3.1,0,0.5,0,0
2.85,3.1,0,0.5,0,0
2.85555,3.1,0,0.5,0,0
2.8611,3.1,0,0.5,0,0
2.86665,3.1,0,0.5,0,0
2.8722,3.1,0,0.5,0,0
2.8778,3.1,0,0.5,0,0
2.88335,3.1,0,0.5,0,0
2.8889,3.1,0,0.5,0,0
2.89445,3.1,0,0.5,0,0
2.9,3.1,0,0.5,0,0
2.90555,3.1,0,0.5,0,0
2.9111,3.1,0,0.5,0,0
2.91665,3.1,0,0.5,0,0
2.9222,3.1,0,0.5,0,0
2.9278,3.1,0,0.5,0,0
2.93335,3.1,0,0.5,0,0
2.9389,3.1,0,0.5,0,0
2.94445,3.1,0,0.5,0,0
2.95,3.1,0,0.5,0,0
2.95555,3.1,0,0.5,0,0
2.9611,3.1,0,0.5,0,0
2.96665,3.1,0,0.5,0,0
2.9722,3.1,0,0.5,0,0
2.9778,3.1,0,0.5,0,0
2.98335,3.1,0,0.5,0,0
2.9889,3.1,0,0.5,0,0
2.99445,3.1,0,0.5,0,0
3,3.1,1.571,0,0.5,0
3,3.09445,1.571,0,0.5,0
3,3.0889,1.571,0,0.5,0
3,3.08335,1.571,0,0.5,0
3,3.0778,1.571,0,0.5,0
3,3.0722,1.571,0,0.5,0
3,3.06665,1.571,0,0.5,0
3,3.0611,1.571,0,0.5,0
3,3.05555,1.571,0,0.5,0
3,3.05,0,0.5,0,0
3.00554999999999,3.05,0,0.5,0,0
3.0111,3.05,0,0.5,0,0
3.01665,3.05,0,0.5,0,0
3.02219999999999,3.05,0,0.5,0,0
3.0278,3.05,0,0.5,0,0
3.03335,3.05,0,0.5,0,0
3.0389,3.05,0,0.5,0,0
3.04445,3.05,0,0.5,0,0
3.05,3.05,0,0.5,0,0
3.05554999999999,3.05,0,0.5,0,0
3.0611,3.05,0,0.5,0,0
3.06665,3.05,0,0.5,0,0
3.07219999999999,3.05,0,0.5,0,0
3.0778,3.05,0,0.5,0,0
3.08335,3.05,0,0.5,0,0
3.08889999999999,3.05,0,0.5,0,0
3.09445,3.05,0,0.5,0,0
3.1,3.05,0,0.5,0,0
3.10554999999999,3.05,0,0.5,0,0
3.1111,3.05,0,0.5,0,0
3.11665,3.05,0,0.5,0,0
3.12219999999999,3.05,0,0.5,0,0
3.1278,3.05,0,0.5,0,0
3.13335,3.05,0,0.5,0,0
3.13889999999999,3.05,0,0.5,0,0
3.14445,3.05,0,0.5,0,0
3.15,3.05,0,0.5,0,0
3.15555,3.05,0,0.5,0,0
3.1611,3.05,0,0.5,0,0
3.16665,3.05,0,0.5,0,0
3.17219999999999,3.05,0,0.5,0,0
3.1778,3.05,0,0.5,0,0
3.18335,3.05,0,0.5,0,0
3.1889,3.05,0,0.5,0,0
3.19445,3.05,0,0.5,0,0
3.2,3.05,1.571,0,0.5,0
3.2,3.04445,1.571,0,0.5,0
3.2,3.0389,1.571,0,0.5,0
3.2,3.03335,1.571,0,0.5,0
3.2,3.0278,1.571,0,0.5,0
3.2,3.0222,1.571,0,0.5,0
3.2,3.01665,1.571,0,0.5,0
3.2,3.0111,1.571,0,0.5,0
3.2,3.00555,1.571,0,0.5,0
3.2,3,0,0.5,0,0
3.20554999999999,3,0,0.5,0,0
3.2111,3,0,0.5,0,0
3.21665,3,0,0.5,0,0
3.22219999999999,3,0,0.5,0,0
3.2278,3,0,0.5,0,0
3.23335,3,0,0.5,0,0
3.23889999999999,3,0,0.5,0,0
3.24445,3,0,0.5,0,0
3.25,3,0,0.5,0,0
3.25554999999999,3,0,0.5,0,0
3.2611,3,0,0.5,0,0
3.26665,3,0,0.5,0,0
3.27219999999999,3,0,0.5,0,0
3.2778,3,0,0.5,0,0
3.28335,3,0,0.5,0,0
3.2889,3,0,0.5,0,0
3.29445,3,0,0.5,0,0
3.3,3,0,0.5,0,0
3.30554999999999,3,0,0.5,0,0
3.3111,3,0,0.5,0,0
3.31665,3,0,0.5,0,0
3.32219999999999,3,0,0.5,0,0
3.3278,3,0,0.5,0,0
3.33335,3,0,0.5,0,0
3.33889999999999,3,0,0.5,0,0
3.34445,3,0,0.5,0,0
3.35,3,0,0.5,0,0
3.35554999999999,3,0,0.5,0,0
3.3611,3,0,0.5,0,0
3.36665,3,0,0.5,0,0
3.37219999999999,3,0,0.5,0,0
3.3778,3,0,0.5,0,0
3.38335,3,0,0.5,0,0
3.38889999999999,3,0,0.5,0,0
3.39445,3,0,0.5,0,0
3.4,3,1.571,0,0.5,0
3.4,2.99445,1.571,0,0.5,0
3.4,2.9889,1.571,0,0.5,0
3.4,2.98335,1.571,0,0.5,0
3.4,2.9778,1.571,0,0.5,0
3.4,2.9722,1.571,0,0.5,0
3.4,2.96665,1.571,0,0.5,0
3.4,2.9611,1.571,0,0.5,0
3.4,2.95555,1.571,0,0.5,0
3.4,2.95,0,0.5,0,0
3.40555,2.95,0,0.5,0,0
3.4111,2.95,0,0.5,0,0
3.41665,2.95,0,0.5,0,0
3.42219999999999,2.95,0,0.5,0,0
3.4278,2.95,0,0.5,0,0
3.43335,2.95,0,0.5,0,0
3.4389,2.95,0,0.5,0,0
3.44445,2.95,0,0.5,0,0
3.45,2.95,0,0.5,0,0
3.45554999999999,2.95,0,0.5,0,0
3.4611,2.95,0,0.5,0,0
3.46665,2.95,0,0.5,0,0
3.47219999999999,2.95,0,0.5,0,0
3.4778,2.95,0,0.5,0,0
3.48335,2.95,0,0.5,0,0
3.48889999999999,2.95,0,0.5,0,0
3.49445,2.95,0,0.5,0,0
3.5,2.95,0,0.5,0,0
3.50554999999999,2.95,0,0.5,0,0
3.5111,2.95,0,0.5,0,0
3.51665,2.95,0,0.5,0,0
3.52219999999999,2.95,0,0.5,0,0
3.5278,2.95,0,0.5,0,0
3.53335,2.95,0,0.5,0,0
3.5389,2.95,0,0.5,0,0
3.54445,2.95,0,0.5,0,0
3.55,2.95,1.571,0,0.5,0
3.55,2.94445,1.571,0,0.5,0
3.55,2.9389,1.571,0,0.5,0
3.55,2.93335,1.571,0,0.5,0
3.55,2.9278,1.571,0,0.5,0
3.55,2.9222,1.571,0,0.5,0
3.55,2.91665,1.571,0,0.5,0
3.55,2.9111,1.571,0,0.5,0
3.55,2.90555,1.571,0,0.5,0
3.55,2.9,0,0.5,0,0
3.55554999999999,2.9,0,0.5,0,0
3.5611,2.9,0,0.5,0,0
3.56665,2.9,0,0.5,0,0
3.57219999999999,2.9,0,0.5,0,0
3.5778,2.9,0,0.5,0,0
3.58335,2.9,0,0.5,0,0
3.58889999999999,2.9,0,0.5,0,0
3.59445,2.9,0,0.5,0,0
3.6,2.9,0,0.5,0,0
3.60554999999999,2.9,0,0.5,0,0
3.6111,2.9,0,0.5,0,0
3.61665,2.9,0,0.5,0,0
3.62219999999999,2.9,0,0.5,0,0
3.6278,2.9,0,0.5,0,0
3.63335,2.9,0,0.5,0,0
3.63889999999999,2.9,0,0.5,0,0
3.64445,2.9,0,0.5,0,0
3.65,2.9,1.571,0,0.5,0
3.65,2.89445,1.571,0,0.5,0
3.65,2.8889,1.571,0,0.5,0
3.65,2.88335,1.571,0,0.5,0
3.65,2.8778,1.571,0,0.5,0
3.65,2.8722,1.571,0,0.5,0
3.65,2.86665,1.571,0,0.5,0
3.65,2.8611,1.571,0,0.5,0
3.65,2.85555,1.571,0,0.5,0
3.65,2.85,0,0.5,0,0
3.65555,2.85,0,0.5,0,0
3.6611,2.85,0,0.5,0,0
3.66665,2.85,0,0.5,0,0
3.67219999999999,2.85,0,0.5,0,0
3.6778,2.85,0,0.5,0,0
3.68335,2.85,0,0.5,0,0
3.6889,2.85,0,0.5,0,0
3.69445,2.85,0,0.5,0,0
3.7,2.85,0,0.5,0,0
3.70554999999999,2.85,0,0.5,0,0
3.7111,2.85,0,0.5,0,0
3.71665,2.85,0,0.5,0,0
3.72219999999999,2.85,0,0.5,0,0
3.7278,2.85,0,0.5,0,0
3.73335,2.85,0,0.5,0,0
3.73889999999999,2.85,0,0.5,0,0
3.74445,2.85,0,0.5,0,0
3.75,2.85,1.571,0,0.5,0
3.75,2.84445,1.571,0,0.5,0
3.75,2.8389,1.571,0,0.5,0
3.75,2.83335,1.571,0,0.5,0
3.75,2.8278,1.571,0,0.5,0
3.75,2.8222,1.571,0,0.5,0
3.75,2.81665,1.571,0,0.5,0
3.75,2.8111,1.571,0,0.5,0
3.75,2.80555,1.571,0,0.5,0
3.75,2.8,0,0.5,0,0
3.75554999999999,2.8,0,0.5,0,0
3.7611,2.8,0,0.5,0,0
3.76665,2.8,0,0.5,0,0
3.77219999999999,2.8,0,0.5,0,0
3.7778,2.8,0,0.5,0,0
3.78335,2.8,0,0.5,0,0
3.7889,2.8,0,0.5,0,0
3.79445,2.8,0,0.5,0,0
3.8,2.8,1.571,0,0.5,0
3.8,2.79445,1.571,0,0.5,0
3.8,2.7889,1.571,0,0.5,0
3.8,2.78335,1.571,0,0.5,0
3.8,2.7778,1.571,0,0.5,0
3.8,2.7722,1.571,0,0.5,0
3.8,2.76665,1.571,0,0.5,0
3.8,2.7611,1.571,0,0.5,0
3.8,2.75555,1.571,0,0.5,0
3.8,2.75,0,0.5,0,0
3.80554999999999,2.75,0,0.5,0,0
3.8111,2.75,0,0.5,0,0
3.81665,2.75,0,0.5,0,0
3.82219999999999,2.75,0,0.5,0,0
3.8278,2.75,0,0.5,0,0
3.83335,2.75,0,0.5,0,0
3.83889999999999,2.75,0,0.5,0,0
3.84445,2.75,0,0.5,0,0
3.85,2.75,0,0.5,0,0
3.85554999999999,2.75,0,0.5,0,0
3.8611,2.75,0,0.5,0,0
3.86665,2.75,0,0.5,0,0
3.87219999999999,2.75,0,0.5,0,0
3.8778,2.75,0,0.5,0,0
3.88335,2.75,0,0.5,0,0
3.88889999999999,2.75,0,0.5,0,0
3.89445,2.75,0,0.5,0,0
3.9,2.75,1.571,0,0.5,0
3.9,2.74445,1.571,0,0.5,0
3.9,2.7389,1.571,0,0.5,0
3.9,2.73335,1.571,0,0.5,0
3.9,2.7278,1.571,0,0.5,0
3.9,2.7222,1.571,0,0.5,0
3.9,2.71665,1.571,0,0.5,0
3.9,2.7111,1.571,0,0.5,0
3.9,2.70555,1.571,0,0.5,0
3.9,2.7,0,0.5,0,0
3.90555,2.7,0,0.5,0,0
3.9111,2.7,0,0.5,0,0
3.91665,2.7,0,0.5,0,0
3.92219999999999,2.7,0,0.5,0,0
3.9278,2.7,0,0.5,0,0
3.93335,2.7,0,0.5,0,0
3.9389,2.7,0,0.5,0,0
3.94445,2.7,0,0.5,0,0
3.95,2.7,1.571,0,0.5,0
3.95,2.69445,1.571,0,0.5,0
3.95,2.6889,1.571,0,0.5,0
3.95,2.68335,1.571,0,0.5,0
3.95,2.6778,1.571,0,0.5,0
3.95,2.6722,1.571,0,0.5,0
3.95,2.66665,1.571,0,0.5,0
3.95,2.6611,1.571,0,0.5,0
3.95,2.65555,1.571,0,0.5,0
3.95,2.65,0,0.5,0,0
3.95554999999999,2.65,0,0.5,0,0
3.9611,2.65,0,0.5,0,0
3.96665,2.65,0,0.5,0,0
3.97219999999999,2.65,0,0.5,0,0
3.9778,2.65,0,0.5,0,0
3.98335,2.65,0,0.5,0,0
3.98889999999999,2.65,0,0.5,0,0
3.99445,2.65,0,0.5,0,0
4,2.65,1.571,0,0.5,0
4,2.64445,1.571,0,0.5,0
4,2.6389,1.571,0,0.5,0
4,2.63335,1.571,0,0.5,0
4,2.6278,1.571,0,0.5,0
4,2.6222,1.571,0,0.5,0
4,2.61665,1.571,0,0.5,0
4,2.6111,1.571,0,0.5,0
4,2.60555,1.571,0,0.5,0
4,2.6,0,0.5,0,0
4.00554999999999,2.6,0,0.5,0,0
4.0111,2.6,0,0.5,0,0
4.01665,2.6,0,0.5,0,0
4.0222,2.6,0,0.5,0,0
4.0278,2.6,0,0.5,0,0
4.03335,2.6,0,0.5,0,0
4.0389,2.6,0,0.5,0,0
4.04445,2.6,0,0.5,0,0
4.05,2.6,1.571,0,0.5,0
4.05,2.59445,1.571,0,0.5,0
4.05,2.5889,1.571,0,0.5,0
4.05,2.58335,1.571,0,0.5,0
4.05,2.5778,1.571,0,0.5,0
4.05,2.5722,1.571,0,0.5,0
4.05,2.56665,1.571,0,0.5,0
4.05,2.5611,1.571,0,0.5,0
4.05,2.55555,1.571,0,0.5,0
4.05,2.55,1.571,0,0.5,0
4.05,2.54445,1.571,0,0.5,0
4.05,2.5389,1.571,0,0.5,0
4.05,2.53335,1.571,0,0.5,0
4.05,2.5278,1.571,0,0.5,0
4.05,2.5222,1.571,0,0.5,0
4.05,2.51665,1.571,0,0.5,0
4.05,2.5111,1.571,0,0.5,0
4.05,2.50555,1.571,0,0.5,0
4.05,2.5,0,0.5,0,0
4.05554999999999,2.5,0,0.5,0,0
4.0611,2.5,0,0.5,0,0
4.06665,2.5,0,0.5,0,0
4.0722,2.5,0,0.5,0,0
4.0778,2.5,0,0.5,0,0
4.08335,2.5,0,0.5,0,0
4.0889,2.5,0,0.5,0,0
4.09445,2.5,0,0.5,0,0
4.1,2.5,1.571,0,0.5,0
4.1,2.49445,1.571,0,0.5,0
4.1,2.4889,1.571,0,0.5,0
4.1,2.48335,1.571,0,0.5,0
4.1,2.4778,1.571,0,0.5,0
4.1,2.4722,1.571,0,0.5,0
4.1,2.46665,1.571,0,0.5,0
4.1,2.4611,1.571,0,0.5,0
4.1,2.45555,1.571,0,0.5,0
4.1,2.45,0,0.5,0,0
4.10555,2.45,0,0.5,0,0
4.1111,2.45,0,0.5,0,0
4.11665,2.45,0,0.5,0,0
4.12219999999999,2.45,0,0.5,0,0
4.1278,2.45,0,0.5,0,0
4.13335,2.45,0,0.5,0,0
4.1389,2.45,0,0.5,0,0
4.14445,2.45,0,0.5,0,0
4.15,2.45,1.571,0,0.5,0
4.15,2.44445,1.571,0,0.5,0
4.15,2.4389,1.571,0,0.5,0
4.15,2.43335,1.571,0,0.5,0
4.15,2.4278,1.571,0,0.5,0
4.15,2.4222,1.571,0,0.5,0
4.15,2.41665,1.571,0,0.5,0
4.15,2.4111,1.571,0,0.5,0
4.15,2.40555,1.571,0,0.5,0
4.15,2.4,1.571,0,0.5,0
4.15,2.39445,1.571,0,0.5,0
4.15,2.3889,1.571,0,0.5,0
4.15,2.38335,1.571,0,0.5,0
4.15,2.3778,1.571,0,0.5,0
4.15,2.3722,1.571,0,0.5,0
4.15,2.36665,1.571,0,0.5,0
4.15,2.3611,1.571,0,0.5,0
4.15,2.35555,1.571,0,0.5,0
4.15,2.35,0,0.5,0,0
4.15555,2.35,0,0.5,0,0
4.1611,2.35,0,0.5,0,0
4.16665,2.35,0,0.5,0,0
4.17219999999999,2.35,0,0.5,0,0
4.1778,2.35,0,0.5,0,0
4.18335,2.35,0,0.5,0,0
4.18889999999999,2.35,0,0.5,0,0
4.19445,2.35,0,0.5,0,0
4.2,2.35,1.571,0,0.5,0
4.2,2.34445,1.571,0,0.5,0
4.2,2.3389,1.571,0,0.5,0
4.2,2.33335,1.571,0,0.5,0
4.2,2.3278,1.571,0,0.5,0
4.2,2.3222,1.571,0,0.5,0
4.2,2.31665,1.571,0,0.5,0
4.2,2.3111,1.571,0,0.5,0
4.2,2.30554999999999,1.571,0,0.5,0
4.2,2.3,1.571,0,0.5,0
4.2,2.29445,1.571,0,0.5,0
4.2,2.2889,1.571,0,0.5,0
4.2,2.28335,1.571,0,0.5,0
4.2,2.2778,1.571,0,0.5,0
4.2,2.2722,1.571,0,0.5,0
4.2,2.26665,1.571,0,0.5,0
4.2,2.2611,1.571,0,0.5,0
4.2,2.25555,1.571,0,0.5,0
4.2,2.25,0,0.5,0,0
4.20555,2.25,0,0.5,0,0
4.2111,2.25,0,0.5,0,0
4.21665,2.25,0,0.5,0,0
4.2222,2.25,0,0.5,0,0
4.2278,2.25,0,0.5,0,0
4.23335,2.25,0,0.5,0,0
4.2389,2.25,0,0.5,0,0
4.24445,2.25,0,0.5,0,0
4.25,2.25,1.571,0,0.5,0
4.25,2.24445,1.571,0,0.5,0
4.25,2.2389,1.571,0,0.5,0
4.25,2.23335,1.571,0,0.5,0
4.25,2.2278,1.571,0,0.5,0
4.25,2.2222,1.571,0,0.5,0
4.25,2.21665,1.571,0,0.5,0
4.25,2.21109999999999,1.571,0,0.5,0
4.25,2.20555,1.571,0,0.5,0
4.25,2.2,1.571,0,0.5,0
4.25,2.19445,1.571,0,0.5,0
4.25,2.1889,1.571,0,0.5,0
4.25,2.18335,1.571,0,0.5,0
4.25,2.1778,1.571,0,0.5,0
4.25,2.1722,1.571,0,0.5,0
4.25,2.16665,1.571,0,0.5,0
4.25,2.1611,1.571,0,0.5,0
4.25,2.15555,1.571,0,0.5,0
4.25,2.15,1.571,0,0.5,0
4.25,2.14445,1.571,0,0.5,0
4.25,2.1389,1.571,0,0.5,0
4.25,2.13335,1.571,0,0.5,0
4.25,2.1278,1.571,0,0.5,0
4.25,2.1222,1.571,0,0.5,0
4.25,2.11665,1.571,0,0.5,0
4.25,2.1111,1.571,0,0.5,0
4.25,2.10555,1.571,0,0.5,0
4.25,2.1,1.571,0,0.5,0
4.25,2.09444999999999,1.571,0,0.5,0
4.25,2.0889,1.571,0,0.5,0
4.25,2.08335,1.571,0,0.5,0
4.25,2.0778,1.571,0,0.5,0
4.25,2.0722,1.571,0,0.5,0
4.25,2.06665,1.571,0,0.5,0
4.25,2.06109999999999,1.571,0,0.5,0
4.25,2.05555,1.571,0,0.5,0
4.25,2.05,0,0.5,0,0
4.25554999999999,2.05,0,0.5,0,0
4.2611,2.05,0,0.5,0,0
4.26665,2.05,0,0.5,0,0
4.2722,2.05,0,0.5,0,0
4.2778,2.05,0,0.5,0,0
4.28335,2.05,0,0.5,0,0
4.2889,2.05,0,0.5,0,0
4.29445,2.05,0,0.5,0,0
4.3,2.05,1.571,0,0.5,0
4.3,2.04445,1.571,0,0.5,0
4.3,2.0389,1.571,0,0.5,0
4.3,2.03335,1.571,0,0.5,0
4.3,2.0278,1.571,0,0.5,0
4.3,2.0222,1.571,0,0.5,0
4.3,2.01665,1.571,0,0.5,0
4.3,2.0111,1.571,0,0.5,0
4.3,2.00555,1.571,0,0.5,0
4.3,2,1.571,0,0.5,0
4.3,1.99444999999999,1.571,0,0.5,0
4.3,1.9889,1.571,0,0.5,0
4.3,1.98335,1.571,0,0.5,0
4.3,1.9778,1.571,0,0.5,0
4.3,1.9722,1.571,0,0.5,0
4.3,1.96665,1.571,0,0.5,0
4.3,1.96109999999999,1.571,0,0.5,0
4.3,1.95555,1.571,0,0.5,0
4.3,1.95,1.571,0,0.5,0
4.3,1.94444999999999,1.571,0,0.5,0
4.3,1.9389,1.571,0,0.5,0
4.3,1.93335,1.571,0,0.5,0
4.3,1.9278,1.571,0,0.5,0
4.3,1.9222,1.571,0,0.5,0
4.3,1.91665,1.571,0,0.5,0
4.3,1.91109999999999,1.571,0,0.5,0
4.3,1.90555,1.571,0,0.5,0
4.3,1.9,1.571,0,0.5,0
4.3,1.89445,1.571,0,0.5,0
4.3,1.8889,1.571,0,0.5,0
4.3,1.88335,1.571,0,0.5,0
4.3,1.8778,1.571,0,0.5,0
4.3,1.8722,1.571,0,0.5,0
4.3,1.86665,1.571,0,0.5,0
4.3,1.86109999999999,1.571,0,0.5,0
4.3,1.85555,1.571,0,0.5,0
4.3,1.85,1.571,0,0.5,0
4.3,1.84445,1.571,0,0.5,0
4.3,1.8389,1.571,0,0.5,0
4.3,1.83335,1.571,0,0.5,0
4.3,1.82779999999999,1.571,0,0.5,0
4.3,1.8222,1.571,0,0.5,0
4.3,1.81665,1.571,0,0.5,0
4.3,1.81109999999999,1.571,0,0.5,0
4.3,1.80555,1.571,0,0.5,0
4.3,1.8,0,0.5,0,0
4.30554999999999,1.8,0,0.5,0,0
4.3111,1.8,0,0.5,0,0
4.31665,1.8,0,0.5,0,0
4.3222,1.8,0,0.5,0,0
4.3278,1.8,0,0.5,0,0
4.33335,1.8,0,0.5,0,0
4.3389,1.8,0,0.5,0,0
4.34445,1.8,0,0.5,0,0
4.35,1.8,1.571,0,0.5,0
4.35,1.79444999999999,1.571,0,0.5,0
4.35,1.7889,1.571,0,0.5,0
4.35,1.78335,1.571,0,0.5,0
4.35,1.7778,1.571,0,0.5,0
4.35,1.7722,1.571,0,0.5,0
4.35,1.76665,1.571,0,0.5,0
4.35,1.76109999999999,1.571,0,0.5,0
4.35,1.75555,1.571,0,0.5,0
4.35,1.75,1.571,0,0.5,0
4.35,1.74444999999999,1.571,0,0.5,0
4.35,1.7389,1.571,0,0.5,0
4.35,1.73335,1.571,0,0.5,0
4.35,1.7278,1.571,0,0.5,0
4.35,1.7222,1.571,0,0.5,0
4.35,1.71665,1.571,0,0.5,0
4.35,1.71109999999999,1.571,0,0.5,0
4.35,1.70555,1.571,0,0.5,0
4.35,1.7,1.571,0,0.5,0
4.35,1.69444999999999,1.571,0,0.5,0
4.35,1.6889,1.571,0,0.5,0
4.35,1.68335,1.571,0,0.5,0
4.35,1.6778,1.571,0,0.5,0
4.35,1.6722,1.571,0,0.5,0
4.35,1.66665,1.571,0,0.5,0
4.35,1.66109999999999,1.571,0,0.5,0
4.35,1.65555,1.571,0,0.5,0
4.35,1.65,1.571,0,0.5,0
4.35,1.64445,1.571,0,0.5,0
4.35,1.6389,1.571,0,0.5,0
4.35,1.63335,1.571,0,0.5,0
4.35,1.6278,1.571,0,0.5,0
4.35,1.6222,1.571,0,0.5,0
4.35,1.61665,1.571,0,0.5,0
4.35,1.61109999999999,1.571,0,0.5,0
4.35,1.60555,1.571,0,0.5,0
4.35,1.6,1.571,0,0.5,0
4.35,1.59445,1.571,0,0.5,0
4.35,1.5889,1.571,0,0.5,0
4.35,1.58335,1.571,0,0.5,0
4.35,1.57779999999999,1.571,0,0.5,0
4.35,1.5722,1.571,0,0.5,0
4.35,1.56665,1.571,0,0.5,0
4.35,1.56109999999999,1.571,0,0.5,0
4.35,1.55555,1.571,0,0.5,0
4.35,1.55,1.571,0,0.5,0
4.35,1.54444999999999,1.571,0,0.5,0
4.35,1.5389,1.571,0,0.5,0
4.35,1.53335,1.571,0,0.5,0
4.35,1.5278,1.571,0,0.5,0
4.35,1.5222,1.571,0,0.5,0
4.35,1.51665,1.571,0,0.5,0
4.35,1.51109999999999,1.571,0,0.5,0
4.35,1.50555,1.571,0,0.5,0
4.35,1.5,1.571,0,0.5,0
4.35,1.49444999999999,1.571,0,0.5,0
4.35,1.4889,1.571,0,0.5,0
4.35,1.48335,1.571,0,0.5,0
4.35,1.4778,1.571,0,0.5,0
4.35,1.4722,1.571,0,0.5,0
4.35,1.46665,1.571,0,0.5,0
4.35,1.46109999999999,1.571,0,0.5,0
4.35,1.45555,1.571,0,0.5,0
4.35,1.45,1.571,0,0.5,0
4.35,1.44444999999999,1.571,0,0.5,0
4.35,1.4389,1.571,0,0.5,0
4.35,1.43335,1.571,0,0.5,0
4.35,1.4278,1.571,0,0.5,0
4.35,1.4222,1.571,0,0.5,0
4.35,1.41665,1.571,0,0.5,0
4.35,1.41109999999999,1.571,0,0.5,0
4.35,1.40555,1.571,0,0.5,0
4.35,1.4,1.571,0,0.5,0
4.35,1.39445,1.571,0,0.5,0
4.35,1.3889,1.571,0,0.5,0
4.35,1.38335,1.571,0,0.5,0
4.35,1.3778,1.571,0,0.5,0
4.35,1.3722,1.571,0,0.5,0
4.35,1.36665,1.571,0,0.5,0
4.35,1.36109999999999,1.571,0,0.5,0
4.35,1.35555,1.571,0,0.5,0
4.35,1.35,1.571,0,0.5,0
4.35,1.34445,1.571,0,0.5,0
4.35,1.3389,1.571,0,0.5,0
4.35,1.33335,1.571,0,0.5,0
4.35,1.32779999999999,1.571,0,0.5,0
4.35,1.3222,1.571,0,0.5,0
4.35,1.31665,1.571,0,0.5,0
4.35,1.31109999999999,1.571,0,0.5,0
4.35,1.30555,1.571,0,0.5,0
4.35,1.3,0,0.5,0,0
4.35555,1.3,0,0.5,0,0
4.3611,1.3,0,0.5,0,0
4.36665,1.3,0,0.5,0,0
4.37219999999999,1.3,0,0.5,0,0
4.3778,1.3,0,0.5,0,0
4.38335,1.3,0,0.5,0,0
4.3889,1.3,0,0.5,0,0
4.39445,1.3,0,0.5,0,0
4.4,1.3,1.571,0,0.5,0
4.4,1.29444999999999,1.571,0,0.5,0
4.4,1.2889,1.571,0,0.5,0
4.4,1.28335,1.571,0,0.5,0
4.4,1.2778,1.571,0,0.5,0
4.4,1.2722,1.571,0,0.5,0
4.4,1.26665,1.571,0,0.5,0
4.4,1.26109999999999,1.571,0,0.5,0
4.4,1.25555,1.571,0,0.5,0
4.4,1.25,1.571,0,0.5,0
4.4,1.24444999999999,1.571,0,0.5,0
4.4,1.2389,1.571,0,0.5,0
4.4,1.23335,1.571,0,0.5,0
4.4,1.2278,1.571,0,0.5,0
4.4,1.2222,1.571,0,0.5,0
4.4,1.21665,1.571,0,0.5,0
4.4,1.21109999999999,1.571,0,0.5,0
4.4,1.20555,1.571,0,0.5,0
4.4,1.2,1.571,0,0.5,0
4.4,1.19444999999999,1.571,0,0.5,0
4.4,1.1889,1.571,0,0.5,0
4.4,1.18335,1.571,0,0.5,0
4.4,1.1778,1.571,0,0.5,0
4.4,1.1722,1.571,0,0.5,0
4.4,1.16665,1.571,0,0.5,0
4.4,1.16109999999999,1.571,0,0.5,0
4.4,1.15555,1.571,0,0.5,0
4.4,1.15,1.571,0,0.5,0
4.4,1.14444999999999,1.571,0,0.5,0
4.4,1.1389,1.571,0,0.5,0
4.4,1.13335,1.571,0,0.5,0
4.4,1.1278,1.571,0,0.5,0
4.4,1.1222,1.571,0,0.5,0
4.4,1.11665,1.571,0,0.5,0
4.4,1.11109999999999,1.571,0,0.5,0
4.4,1.10555,1.571,0,0.5,0
4.4,1.1,1.571,0,0.5,0
4.4,1.09445,1.571,0,0.5,0
4.4,1.0889,1.571,0,0.5,0
4.4,1.08335,1.571,0,0.5,0
4.4,1.07779999999999,1.571,0,0.5,0
4.4,1.0722,1.571,0,0.5,0
4.4,1.06664999999999,1.571,0,0.5,0
4.4,1.06109999999999,1.571,0,0.5,0
4.4,1.05555,1.571,0,0.5,0
4.4,1.05,1.571,0,0.5,0
4.4,1.04444999999999,1.571,0,0.5,0
4.4,1.0389,1.571,0,0.5,0
4.4,1.03335,1.571,0,0.5,0
4.4,1.02779999999999,1.571,0,0.5,0
4.4,1.0222,1.571,0,0.5,0
4.4,1.01665,1.571,0,0.5,0
4.4,1.01109999999999,1.571,0,0.5,0
4.4,1.00555,1.571,0,0.5,0
4.4,1,1.571,0,0.5,0
4.4,0.994449999999999,1.571,0,0.5,0
4.4,0.9889,1.571,0,0.5,0
4.4,0.98335,1.571,0,0.5,0
4.4,0.977799999999999,1.571,0,0.5,0
4.4,0.9722,1.571,0,0.5,0
4.4,0.96665,1.571,0,0.5,0
4.4,0.961099999999999,1.571,0,0.5,0
4.4,0.95555,1.571,0,0.5,0
4.4,0.95,1.571,0,0.5,0
4.4,0.944449999999999,1.571,0,0.5,0
4.4,0.9389,1.571,0,0.5,0
4.4,0.93335,1.571,0,0.5,0
4.4,0.9278,1.571,0,0.5,0
4.4,0.9222,1.571,0,0.5,0
4.4,0.91665,1.571,0,0.5,0
4.4,0.911099999999999,1.571,0,0.5,0
4.4,0.90555,1.571,0,0.5,0
4.4,0.9,1.571,0,0.5,0
4.4,0.894449999999999,1.571,0,0.5,0
4.4,0.8889,1.571,0,0.5,0
4.4,0.88335,1.571,0,0.5,0
4.4,0.877799999999999,1.571,0,0.5,0
4.4,0.8722,1.571,0,0.5,0
4.4,0.866649999999999,1.571,0,0.5,0
4.4,0.861099999999999,1.571,0,0.5,0
4.4,0.85555,1.571,0,0.5,0
4.4,0.85,1.571,0,0.5,0
4.4,0.844449999999999,1.571,0,0.5,0
4.4,0.8389,1.571,0,0.5,0
4.4,0.83335,1.571,0,0.5,0
4.4,0.827799999999999,1.571,0,0.5,0
4.4,0.8222,1.571,0,0.5,0
4.4,0.81665,1.571,0,0.5,0
4.4,0.811099999999999,1.571,0,0.5,0
4.4,0.80555,1.571,0,0.5,0
4.4,0.8,0,0.5,0,0
4.40555,0.8,0,0.5,0,0
4.4111,0.8,0,0.5,0,0
4.41665,0.8,0,0.5,0,0
4.42219999999999,0.8,0,0.5,0,0
4.4278,0.8,0,0.5,0,0
4.43335,0.8,0,0.5,0,0
4.43889999999999,0.8,0,0.5,0,0
4.44445,0.8,0,0.5,0,0
4.45,0.8,1.571,0,0.5,0
4.45,0.794449999999999,1.571,0,0.5,0
4.45,0.7889,1.571,0,0.5,0
4.45,0.78335,1.571,0,0.5,0
4.45,0.777799999999999,1.571,0,0.5,0
4.45,0.7722,1.571,0,0.5,0
4.45,0.766649999999999,1.571,0,0.5,0
4.45,0.761099999999999,1.571,0,0.5,0
4.45,0.75555,1.571,0,0.5,0
4.45,0.75,1.571,0,0.5,0
4.45,0.744449999999999,1.571,0,0.5,0
4.45,0.7389,1.571,0,0.5,0
4.45,0.73335,1.571,0,0.5,0
4.45,0.727799999999999,1.571,0,0.5,0
4.45,0.7222,1.571,0,0.5,0
4.45,0.71665,1.571,0,0.5,0
4.45,0.711099999999999,1.571,0,0.5,0
4.45,0.70555,1.571,0,0.5,0
4.45,0.7,1.571,0,0.5,0
4.45,0.694449999999999,1.571,0,0.5,0
4.45,0.6889,1.571,0,0.5,0
4.45,0.68335,1.571,0,0.5,0
4.45,0.6778,1.571,0,0.5,0
4.45,0.6722,1.571,0,0.5,0
4.45,0.66665,1.571,0,0.5,0
4.45,0.661099999999999,1.571,0,0.5,0
4.45,0.65555,1.571,0,0.5,0
4.45,0.65,1.571,0,0.5,0
4.45,0.644449999999999,1.571,0,0.5,0
4.45,0.6389,1.571,0,0.5,0
4.45,0.63335,1.571,0,0.5,0
4.45,0.627799999999999,1.571,0,0.5,0
4.45,0.6222,1.571,0,0.5,0
4.45,0.616649999999999,1.571,0,0.5,0
4.45,0.611099999999999,1.571,0,0.5,0
4.45,0.60555,1.571,0,0.5,0
4.45,0.6,1.571,0,0.5,0
4.45,0.594449999999999,1.571,0,0.5,0
4.45,0.5889,1.571,0,0.5,0
4.45,0.58335,1.571,0,0.5,0
4.45,0.577799999999999,1.571,0,0.5,0
4.45,0.5722,1.571,0,0.5,0
4.45,0.56665,1.571,0,0.5,0
4.45,0.561099999999999,1.571,0,0.5,0
4.45,0.55555,1.571,0,0.5,0
4.45,0.55,1.571,0,0.5,0
4.45,0.544449999999999,1.571,0,0.5,0
4.45,0.5389,1.571,0,0.5,0
4.45,0.53335,1.571,0,0.5,0
4.45,0.527799999999999,1.571,0,0.5,0
4.45,0.5222,1.571,0,0.5,0
4.45,0.516649999999999,1.571,0,0.5,0
4.45,0.511099999999999,1.571,0,0.5,0
4.45,0.50555,1.571,0,0.5,0
4.45,0.5,0,0.5,0,0
4.45555,0.5,0,0.5,0,0
4.4611,0.5,0,0.5,0,0
4.46665,0.5,0,0.5,0,0
4.4722,0.5,0,0.5,0,0
4.4778,0.5,0,0.5,0,0
4.48335,0.5,0,0.5,0,0
4.4889,0.5,0,0.5,0,0
4.49445,0.5,0,0.5,0,0
4.5,0.5,1.571,0,0.5,0
4.5,0.494449999999999,1.571,0,0.5,0
4.5,0.4889,1.571,0,0.5,0
4.5,0.48335,1.571,0,0.5,0
4.5,0.477799999999999,1.571,0,0.5,0
4.5,0.4722,1.571,0,0.5,0
4.5,0.466649999999999,1.571,0,0.5,0
4.5,0.461099999999999,1.571,0,0.5,0
4.5,0.45555,1.571,0,0.5,0
4.5,0.45,1.571,0,0.5,0
4.5,0.444449999999999,1.571,0,0.5,0
4.5,0.4389,1.571,0,0.5,0
4.5,0.43335,1.571,0,0.5,0
4.5,0.427799999999999,1.571,0,0.5,0
4.5,0.4222,1.571,0,0.5,0
4.5,0.416649999999999,1.571,0,0.5,0
4.5,0.411099999999999,1.571,0,0.5,0
4.5,0.40555,1.571,0,0.5,0
4.5,0.4,1.571,0,0.5,0
4.5,0.394449999999999,1.571,0,0.5,0
4.5,0.3889,1.571,0,0.5,0
4.5,0.38335,1.571,0,0.5,0
4.5,0.377799999999999,1.571,0,0.5,0
4.5,0.3722,1.571,0,0.5,0
4.5,0.366649999999999,1.571,0,0.5,0
4.5,0.361099999999999,1.571,0,0.5,0
4.5,0.35555,1.571,0,0.5,0
4.5,0.35,1.571,0,0.5,0
4.5,0.344449999999999,1.571,0,0.5,0
4.5,0.3389,1.571,0,0.5,0
4.5,0.33335,1.571,0,0.5,0
4.5,0.327799999999999,1.571,0,0.5,0
4.5,0.3222,1.571,0,0.5,0
4.5,0.316649999999999,1.571,0,0.5,0
4.5,0.311099999999999,1.571,0,0.5,0
4.5,0.30555,1.571,0,0.5,0
4.5,0.3,0,0.5,0,0
4.50554999999999,0.3,0,0.5,0,0
4.5111,0.3,0,0.5,0,0
4.51665,0.3,0,0.5,0,0
4.5222,0.3,0,0.5,0,0
4.5278,0.3,0,0.5,0,0
4.53335,0.3,0,0.5,0,0
4.5389,0.3,0,0.5,0,0
4.54445,0.3,0,0.5,0,0
4.55,0.3,1.571,0,0.5,0
4.55,0.294449999999999,1.571,0,0.5,0
4.55,0.2889,1.571,0,0.5,0
4.55,0.28335,1.571,0,0.5,0
4.55,0.277799999999999,1.571,0,0.5,0
4.55,0.2722,1.571,0,0.5,0
4.55,0.266649999999999,1.571,0,0.5,0
4.55,0.261099999999999,1.571,0,0.5,0
4.55,0.25555,1.571,0,0.5,0
4.55,0.25,1.571,0,0.5,0
4.55,0.244449999999999,1.571,0,0.5,0
4.55,0.2389,1.571,0,0.5,0
4.55,0.23335,1.571,0,0.5,0
4.55,0.227799999999999,1.571,0,0.5,0
4.55,0.2222,1.571,0,0.5,0
4.55,0.216649999999999,1.571,0,0.5,0
4.55,0.211099999999999,1.571,0,0.5,0
4.55,0.20555,1.571,0,0.5,0
4.55,0.2,1.571,0,0.5,0
4.55,0.194449999999999,1.571,0,0.5,0
4.55,0.1889,1.571,0,0.5,0
4.55,0.18335,1.571,0,0.5,0
4.55,0.177799999999999,1.571,0,0.5,0
4.55,0.1722,1.571,0,0.5,0
4.55,0.166649999999999,1.571,0,0.5,0
4.55,0.161099999999999,1.571,0,0.5,0
4.55,0.15555,1.571,0,0.5,0
4.55,0.15,1.571,0,0.5,0
4.55,0.144449999999999,1.571,0,0.5,0
4.55,0.1389,1.571,0,0.5,0
4.55,0.13335,1.571,0,0.5,0
4.55,0.127799999999999,1.571,0,0.5,0
4.55,0.1222,1.571,0,0.5,0
4.55,0.116649999999999,1.571,0,0.5,0
4.55,0.111099999999999,1.571,0,0.5,0
4.55,0.10555,1.571,0,0.5,0
4.55,0.1,0,0.5,0,0
4.55554999999999,0.1,0,0.5,0,0
4.5611,0.1,0,0.5,0,0
4.56665,0.1,0,0.5,0,0
4.5722,0.1,0,0.5,0,0
4.5778,0.1,0,0.5,0,0
4.58335,0.1,0,0.5,0,0
4.5889,0.1,0,0.5,0,0
4.59445,0.1,0,0.5,0,0
4.6,0.1,1.571,0,0.5,0
4.6,0.09445,1.571,0,0.5,0
4.6,0.0889,1.571,0,0.5,0
4.6,0.08335,1.571,0,0.5,0
4.6,0.0778,1.571,0,0.5,0
4.6,0.0722,1.571,0,0.5,0
4.6,0.06665,1.571,0,0.5,0
4.6,0.0611,1.571,0,0.5,0
4.6,0.05555,1.571,0,0.5,0
4.6,0.05,1.571,0,0.5,0
4.6,0.04445,1.571,0,0.5,0
4.6,0.0389,1.571,0,0.5,0
4.6,0.03335,1.571,0,0.5,0
4.6,0.0278,1.571,0,0.5,0
4.6,0.0222,1.571,0,0.5,0
4.6,0.01665,1.571,0,0.5,0
4.6,0.0111,1.571,0,0.5,0
4.6,0.00555,1.571,0,0.5,0
4.6,0,1.571,0,0.5,0
4.6,-0.00555,1.571,0,0.5,0
4.6,-0.0111,1.571,0,0.5,0
4.6,-0.01665,1.571,0,0.5,0
4.6,-0.0222,1.571,0,0.5,0
4.6,-0.0278,1.571,0,0.5,0
4.6,-0.03335,1.571,0,0.5,0
4.6,-0.0389,1.571,0,0.5,0
4.6,-0.04445,1.571,0,0.5,0
4.6,-0.05,0,0.5,0,0
4.60555,-0.05,0,0.5,0,0
4.6111,-0.05,0,0.5,0,0
4.61665,-0.05,0,0.5,0,0
4.62219999999999,-0.05,0,0.5,0,0
4.6278,-0.05,0,0.5,0,0
4.63335,-0.05,0,0.5,0,0
4.6389,-0.05,0,0.5,0,0
4.64445,-0.05,0,0.5,0,0
4.65,-0.05,1.571,0,0.5,0
4.65,-0.05555,1.571,0,0.5,0
4.65,-0.0611,1.571,0,0.5,0
4.65,-0.06665,1.571,0,0.5,0
4.65,-0.0722,1.571,0,0.5,0
4.65,-0.0778,1.571,0,0.5,0
4.65,-0.08335,1.571,0,0.5,0
4.65,-0.0889,1.571,0,0.5,0
4.65,-0.09445,1.571,0,0.5,0
4.65,-0.1,1.571,0,0.5,0
4.65,-0.10555,1.571,0,0.5,0
4.65,-0.111099999999999,1.571,0,0.5,0
4.65,-0.116649999999999,1.571,0,0.5,0
4.65,-0.1222,1.571,0,0.5,0
4.65,-0.127799999999999,1.571,0,0.5,0
4.65,-0.13335,1.571,0,0.5,0
4.65,-0.1389,1.571,0,0.5,0
4.65,-0.144449999999999,1.571,0,0.5,0
4.65,-0.15,0,0.5,0,0
4.65555,-0.15,0,0.5,0,0
4.6611,-0.15,0,0.5,0,0
4.66665,-0.15,0,0.5,0,0
4.67219999999999,-0.15,0,0.5,0,0
4.6778,-0.15,0,0.5,0,0
4.68335,-0.15,0,0.5,0,0
4.68889999999999,-0.15,0,0.5,0,0
4.69445,-0.15,0,0.5,0,0
4.7,-0.15,1.571,0,0.5,0
4.7,-0.15555,1.571,0,0.5,0
4.7,-0.161099999999999,1.571,0,0.5,0
4.7,-0.166649999999999,1.571,0,0.5,0
4.7,-0.1722,1.571,0,0.5,0
4.7,-0.177799999999999,1.571,0,0.5,0
4.7,-0.18335,1.571,0,0.5,0
4.7,-0.1889,1.571,0,0.5,0
4.7,-0.194449999999999,1.571,0,0.5,0
4.7,-0.2,1.571,0,0.5,0
4.7,-0.20555,1.571,0,0.5,0
4.7,-0.211099999999999,1.571,0,0.5,0
4.7,-0.216649999999999,1.571,0,0.5,0
4.7,-0.2222,1.571,0,0.5,0
4.7,-0.227799999999999,1.571,0,0.5,0
4.7,-0.23335,1.571,0,0.5,0
4.7,-0.2389,1.571,0,0.5,0
4.7,-0.244449999999999,1.571,0,0.5,0
4.7,-0.25,0,0.5,0,0
4.70555,-0.25,0,0.5,0,0
4.7111,-0.25,0,0.5,0,0
4.71665,-0.25,0,0.5,0,0
4.7222,-0.25,0,0.5,0,0
4.7278,-0.25,0,0.5,0,0
4.73335,-0.25,0,0.5,0,0
4.7389,-0.25,0,0.5,0,0
4.74445,-0.25,0,0.5,0,0
4.75,-0.25,1.571,0,0.5,0
4.75,-0.25555,1.571,0,0.5,0
4.75,-0.261099999999999,1.571,0,0.5,0
4.75,-0.266649999999999,1.571,0,0.5,0
4.75,-0.2722,1.571,0,0.5,0
4.75,-0.277799999999999,1.571,0,0.5,0
4.75,-0.28335,1.571,0,0.5,0
4.75,-0.2889,1.571,0,0.5,0
4.75,-0.294449999999999,1.571,0,0.5,0
4.75,-0.3,1.571,0,0.5,0
4.75,-0.30555,1.571,0,0.5,0
4.75,-0.311099999999999,1.571,0,0.5,0
4.75,-0.316649999999999,1.571,0,0.5,0
4.75,-0.3222,1.571,0,0.5,0
4.75,-0.327799999999999,1.571,0,0.5,0
4.75,-0.33335,1.571,0,0.5,0
4.75,-0.3389,1.571,0,0.5,0
4.75,-0.344449999999999,1.571,0,0.5,0
4.75,-0.35,0,0.5,0,0
4.75554999999999,-0.35,0,0.5,0,0
4.7611,-0.35,0,0.5,0,0
4.76665,-0.35,0,0.5,0,0
4.7722,-0.35,0,0.5,0,0
4.7778,-0.35,0,0.5,0,0
4.78335,-0.35,0,0.5,0,0
4.7889,-0.35,0,0.5,0,0
4.79445,-0.35,0,0.5,0,0
4.8,-0.35,1.571,0,0.5,0
4.8,-0.35555,1.571,0,0.5,0
4.8,-0.361099999999999,1.571,0,0.5,0
4.8,-0.366649999999999,1.571,0,0.5,0
4.8,-0.3722,1.571,0,0.5,0
4.8,-0.377799999999999,1.571,0,0.5,0
4.8,-0.38335,1.571,0,0.5,0
4.8,-0.3889,1.571,0,0.5,0
4.8,-0.394449999999999,1.571,0,0.5,0
4.8,-0.4,1.571,0,0.5,0
4.8,-0.40555,1.571,0,0.5,0
4.8,-0.411099999999999,1.571,0,0.5,0
4.8,-0.416649999999999,1.571,0,0.5,0
4.8,-0.4222,1.571,0,0.5,0
4.8,-0.427799999999999,1.571,0,0.5,0
4.8,-0.43335,1.571,0,0.5,0
4.8,-0.4389,1.571,0,0.5,0
4.8,-0.444449999999999,1.571,0,0.5,0
4.8,-0.45,0,0.5,0,0
4.80555,-0.45,0,0.5,0,0
4.8111,-0.45,0,0.5,0,0
4.81665,-0.45,0,0.5,0,0
4.8222,-0.45,0,0.5,0,0
4.8278,-0.45,0,0.5,0,0
4.83335,-0.45,0,0.5,0,0
4.8389,-0.45,0,0.5,0,0
4.84445,-0.45,0,0.5,0,0
4.85,-0.45,1.571,0,0.5,0
4.85,-0.45555,1.571,0,0.5,0
4.85,-0.461099999999999,1.571,0,0.5,0
4.85,-0.466649999999999,1.571,0,0.5,0
4.85,-0.4722,1.571,0,0.5,0
4.85,-0.477799999999999,1.571,0,0.5,0
4.85,-0.48335,1.571,0,0.5,0
4.85,-0.4889,1.571,0,0.5,0
4.85,-0.494449999999999,1.571,0,0.5,0
4.85,-0.5,1.571,0,0.5,0
4.85,-0.50555,1.571,0,0.5,0
4.85,-0.511099999999999,1.571,0,0.5,0
4.85,-0.516649999999999,1.571,0,0.5,0
4.85,-0.5222,1.571,0,0.5,0
4.85,-0.527799999999999,1.571,0,0.5,0
4.85,-0.53335,1.571,0,0.5,0
4.85,-0.5389,1.571,0,0.5,0
4.85,-0.544449999999999,1.571,0,0.5,0
4.85,-0.55,0,0.5,0,0
4.85555,-0.55,0,0.5,0,0
4.8611,-0.55,0,0.5,0,0
4.86665,-0.55,0,0.5,0,0
4.87219999999999,-0.55,0,0.5,0,0
4.8778,-0.55,0,0.5,0,0
4.88335,-0.55,0,0.5,0,0
4.8889,-0.55,0,0.5,0,0
4.89445,-0.55,0,0.5,0,0
4.9,-0.55,1.571,0,0.5,0
4.9,-0.55555,1.571,0,0.5,0
4.9,-0.561099999999999,1.571,0,0.5,0
4.9,-0.56665,1.571,0,0.5,0
4.9,-0.5722,1.571,0,0.5,0
4.9,-0.577799999999999,1.571,0,0.5,0
4.9,-0.58335,1.571,0,0.5,0
4.9,-0.5889,1.571,0,0.5,0
4.9,-0.594449999999999,1.571,0,0.5,0
4.9,-0.6,1.571,0,0.5,0
4.9,-0.60555,1.571,0,0.5,0
4.9,-0.611099999999999,1.571,0,0.5,0
4.9,-0.616649999999999,1.571,0,0.5,0
4.9,-0.6222,1.571,0,0.5,0
4.9,-0.627799999999999,1.571,0,0.5,0
4.9,-0.63335,1.571,0,0.5,0
4.9,-0.6389,1.571,0,0.5,0
4.9,-0.644449999999999,1.571,0,0.5,0
4.9,-0.65,0,0.5,0,0
4.90555,-0.65,0,0.5,0,0
4.9111,-0.65,0,0.5,0,0
4.91665,-0.65,0,0.5,0,0
4.9222,-0.65,0,0.5,0,0
4.9278,-0.65,0,0.5,0,0
4.93335,-0.65,0,0.5,0,0
4.9389,-0.65,0,0.5,0,0
4.94445,-0.65,0,0.5,0,0
4.95,-0.65,1.571,0,0.5,0
4.95,-0.65555,1.571,0,0.5,0
4.95,-0.661099999999999,1.571,0,0.5,0
4.95,-0.66665,1.571,0,0.5,0
4.95,-0.6722,1.571,0,0.5,0
4.95,-0.6778,1.571,0,0.5,0
4.95,-0.68335,1.571,0,0.5,0
4.95,-0.6889,1.571,0,0.5,0
4.95,-0.694449999999999,1.571,0,0.5,0
4.95,-0.7,0,0.5,0,0
4.95555,-0.7,0,0.5,0,0
4.9611,-0.7,0,0.5,0,0
4.96665,-0.7,0,0.5,0,0
4.9722,-0.7,0,0.5,0,0
4.9778,-0.7,0,0.5,0,0
4.98335,-0.7,0,0.5,0,0
4.9889,-0.7,0,0.5,0,0
4.99445,-0.7,0,0.5,0,0
5,-0.7,1.571,0,0.5,0
5,-0.70555,1.571,0,0.5,0
5,-0.711099999999999,1.571,0,0.5,0
5,-0.71665,1.571,0,0.5,0
5,-0.7222,1.571,0,0.5,0
5,-0.727799999999999,1.571,0,0.5,0
5,-0.73335,1.571,0,0.5,0
5,-0.7389,1.571,0,0.5,0
5,-0.744449999999999,1.571,0,0.5,0
5,-0.75,1.571,0,0.5,0
5,-0.75555,1.571,0,0.5,0
5,-0.761099999999999,1.571,0,0.5,0
5,-0.766649999999999,1.571,0,0.5,0
5,-0.7722,1.571,0,0.5,0
5,-0.777799999999999,1.571,0,0.5,0
5,-0.78335,1.571,0,0.5,0
5,-0.7889,1.571,0,0.5,0
5,-0.794449999999999,1.571,0,0.5,0
5,-0.8,0,0.5,0,0
5.00554999999999,-0.8,0,0.5,0,0
5.0111,-0.8,0,0.5,0,0
5.01665,-0.8,0,0.5,0,0
5.0222,-0.8,0,0.5,0,0
5.0278,-0.8,0,0.5,0,0
5.03335,-0.8,0,0.5,0,0
5.0389,-0.8,0,0.5,0,0
5.04445,-0.8,0,0.5,0,0
5.05,-0.8,1.571,0,0.5,0
5.05,-0.80555,1.571,0,0.5,0
5.05,-0.811099999999999,1.571,0,0.5,0
5.05,-0.81665,1.571,0,0.5,0
5.05,-0.8222,1.571,0,0.5,0
5.05,-0.827799999999999,1.571,0,0.5,0
5.05,-0.83335,1.571,0,0.5,0
5.05,-0.8389,1.571,0,0.5,0
5.05,-0.844449999999999,1.571,0,0.5,0
5.05,-0.85,0,0.5,0,0
5.05555,-0.85,0,0.5,0,0
5.0611,-0.85,0,0.5,0,0
5.06665,-0.85,0,0.5,0,0
5.0722,-0.85,0,0.5,0,0
5.0778,-0.85,0,0.5,0,0
5.08335,-0.85,0,0.5,0,0
5.0889,-0.85,0,0.5,0,0
5.09445,-0.85,0,0.5,0,0
5.1,-0.85,1.571,0,0.5,0
5.1,-0.85555,1.571,0,0.5,0
5.1,-0.861099999999999,1.571,0,0.5,0
5.1,-0.866649999999999,1.571,0,0.5,0
5.1,-0.8722,1.571,0,0.5,0
5.1,-0.877799999999999,1.571,0,0.5,0
5.1,-0.88335,1.571,0,0.5,0
5.1,-0.8889,1.571,0,0.5,0
5.1,-0.894449999999999,1.571,0,0.5,0
5.1,-0.9,1.571,0,0.5,0
5.1,-0.905549999999999,1.571,0,0.5,0
5.1,-0.9111,1.571,0,0.5,0
5.1,-0.91665,1.571,0,0.5,0
5.1,-0.922199999999999,1.571,0,0.5,0
5.1,-0.9278,1.571,0,0.5,0
5.1,-0.93335,1.571,0,0.5,0
5.1,-0.938899999999999,1.571,0,0.5,0
5.1,-0.94445,1.571,0,0.5,0
5.1,-0.95,0,0.5,0,0
5.10555,-0.95,0,0.5,0,0
5.1111,-0.95,0,0.5,0,0
5.11665,-0.95,0,0.5,0,0
5.12219999999999,-0.95,0,0.5,0,0
5.1278,-0.95,0,0.5,0,0
5.13335,-0.95,0,0.5,0,0
5.1389,-0.95,0,0.5,0,0
5.14445,-0.95,0,0.5,0,0
5.15,-0.95,1.571,0,0.5,0
5.15,-0.955549999999999,1.571,0,0.5,0
5.15,-0.9611,1.571,0,0.5,0
5.15,-0.96665,1.571,0,0.5,0
5.15,-0.972199999999999,1.571,0,0.5,0
5.15,-0.9778,1.571,0,0.5,0
5.15,-0.98335,1.571,0,0.5,0
5.15,-0.988899999999999,1.571,0,0.5,0
5.15,-0.99445,1.571,0,0.5,0
5.15,-1,0,0.5,0,0
5.15555,-1,0,0.5,0,0
5.1611,-1,0,0.5,0,0
5.16665,-1,0,0.5,0,0
5.1722,-1,0,0.5,0,0
5.1778,-1,0,0.5,0,0
5.18335,-1,0,0.5,0,0
5.1889,-1,0,0.5,0,0
5.19445,-1,0,0.5,0,0
5.2,-1,1.571,0,0.5,0
5.2,-1.00554999999999,1.571,0,0.5,0
5.2,-1.0111,1.571,0,0.5,0
5.2,-1.01665,1.571,0,0.5,0
5.2,-1.02219999999999,1.571,0,0.5,0
5.2,-1.0278,1.571,0,0.5,0
5.2,-1.03335,1.571,0,0.5,0
5.2,-1.03889999999999,1.571,0,0.5,0
5.2,-1.04445,1.571,0,0.5,0
5.2,-1.05,0,0.5,0,0
5.20555,-1.05,0,0.5,0,0
5.2111,-1.05,0,0.5,0,0
5.21665,-1.05,0,0.5,0,0
5.2222,-1.05,0,0.5,0,0
5.2278,-1.05,0,0.5,0,0
5.23335,-1.05,0,0.5,0,0
5.2389,-1.05,0,0.5,0,0
5.24445,-1.05,0,0.5,0,0
5.25,-1.05,1.571,0,0.5,0
5.25,-1.05554999999999,1.571,0,0.5,0
5.25,-1.0611,1.571,0,0.5,0
5.25,-1.06664999999999,1.571,0,0.5,0
5.25,-1.07219999999999,1.571,0,0.5,0
5.25,-1.0778,1.571,0,0.5,0
5.25,-1.08335,1.571,0,0.5,0
5.25,-1.08889999999999,1.571,0,0.5,0
5.25,-1.09445,1.571,0,0.5,0
5.25,-1.1,0,0.5,0,0
5.25554999999999,-1.1,0,0.5,0,0
5.2611,-1.1,0,0.5,0,0
5.26665,-1.1,0,0.5,0,0
5.2722,-1.1,0,0.5,0,0
5.2778,-1.1,0,0.5,0,0
5.28335,-1.1,0,0.5,0,0
5.2889,-1.1,0,0.5,0,0
5.29445,-1.1,0,0.5,0,0
5.3,-1.1,1.571,0,0.5,0
5.3,-1.10554999999999,1.571,0,0.5,0
5.3,-1.1111,1.571,0,0.5,0
5.3,-1.11665,1.571,0,0.5,0
5.3,-1.12219999999999,1.571,0,0.5,0
5.3,-1.1278,1.571,0,0.5,0
5.3,-1.13335,1.571,0,0.5,0
5.3,-1.13889999999999,1.571,0,0.5,0
5.3,-1.14445,1.571,0,0.5,0
5.3,-1.15,1.571,0,0.5,0
5.3,-1.15554999999999,1.571,0,0.5,0
5.3,-1.1611,1.571,0,0.5,0
5.3,-1.16665,1.571,0,0.5,0
5.3,-1.17219999999999,1.571,0,0.5,0
5.3,-1.1778,1.571,0,0.5,0
5.3,-1.18335,1.571,0,0.5,0
5.3,-1.18889999999999,1.571,0,0.5,0
5.3,-1.19445,1.571,0,0.5,0
5.3,-1.2,0,0.5,0,0
5.30555,-1.2,0,0.5,0,0
5.3111,-1.2,0,0.5,0,0
5.31665,-1.2,0,0.5,0,0
5.3222,-1.2,0,0.5,0,0
5.3278,-1.2,0,0.5,0,0
5.33335,-1.2,0,0.5,0,0
5.3389,-1.2,0,0.5,0,0
5.34445,-1.2,0,0.5,0,0
5.35,-1.2,1.571,0,0.5,0
5.35,-1.20554999999999,1.571,0,0.5,0
5.35,-1.2111,1.571,0,0.5,0
5.35,-1.21665,1.571,0,0.5,0
5.35,-1.22219999999999,1.571,0,0.5,0
5.35,-1.2278,1.571,0,0.5,0
5.35,-1.23335,1.571,0,0.5,0
5.35,-1.23889999999999,1.571,0,0.5,0
5.35,-1.24445,1.571,0,0.5,0
5.35,-1.25,0,0.5,0,0
5.35555,-1.25,0,0.5,0,0
5.3611,-1.25,0,0.5,0,0
5.36665,-1.25,0,0.5,0,0
5.37219999999999,-1.25,0,0.5,0,0
5.3778,-1.25,0,0.5,0,0
5.38335,-1.25,0,0.5,0,0
5.3889,-1.25,0,0.5,0,0
5.39445,-1.25,0,0.5,0,0
5.4,-1.25,1.571,0,0.5,0
5.4,-1.25554999999999,1.571,0,0.5,0
5.4,-1.2611,1.571,0,0.5,0
5.4,-1.26665,1.571,0,0.5,0
5.4,-1.27219999999999,1.571,0,0.5,0
5.4,-1.2778,1.571,0,0.5,0
5.4,-1.28335,1.571,0,0.5,0
5.4,-1.28889999999999,1.571,0,0.5,0
5.4,-1.29445,1.571,0,0.5,0
5.4,-1.3,0,0.5,0,0
5.40555,-1.3,0,0.5,0,0
5.4111,-1.3,0,0.5,0,0
5.41665,-1.3,0,0.5,0,0
5.4222,-1.3,0,0.5,0,0
5.4278,-1.3,0,0.5,0,0
5.43335,-1.3,0,0.5,0,0
5.4389,-1.3,0,0.5,0,0
5.44445,-1.3,0,0.5,0,0
5.45,-1.3,1.571,0,0.5,0
5.45,-1.30554999999999,1.571,0,0.5,0
5.45,-1.3111,1.571,0,0.5,0
5.45,-1.31665,1.571,0,0.5,0
5.45,-1.32219999999999,1.571,0,0.5,0
5.45,-1.3278,1.571,0,0.5,0
5.45,-1.33335,1.571,0,0.5,0
5.45,-1.33889999999999,1.571,0,0.5,0
5.45,-1.34445,1.571,0,0.5,0
5.45,-1.35,0,0.5,0,0
5.45555,-1.35,0,0.5,0,0
5.4611,-1.35,0,0.5,0,0
5.46665,-1.35,0,0.5,0,0
5.4722,-1.35,0,0.5,0,0
5.4778,-1.35,0,0.5,0,0
5.48335,-1.35,0,0.5,0,0
5.4889,-1.35,0,0.5,0,0
5.49445,-1.35,0,0.5,0,0
5.5,-1.35,1.571,0,0.5,0
5.5,-1.35554999999999,1.571,0,0.5,0
5.5,-1.3611,1.571,0,0.5,0
5.5,-1.36665,1.571,0,0.5,0
5.5,-1.37219999999999,1.571,0,0.5,0
5.5,-1.3778,1.571,0,0.5,0
5.5,-1.38335,1.571,0,0.5,0
5.5,-1.38889999999999,1.571,0,0.5,0
5.5,-1.39445,1.571,0,0.5,0
5.5,-1.4,0,0.5,0,0
5.50554999999999,-1.4,0,0.5,0,0
5.5111,-1.4,0,0.5,0,0
5.51665,-1.4,0,0.5,0,0
5.5222,-1.4,0,0.5,0,0
5.5278,-1.4,0,0.5,0,0
5.53335,-1.4,0,0.5,0,0
5.5389,-1.4,0,0.5,0,0
5.54445,-1.4,0,0.5,0,0
5.55,-1.4,1.571,0,0.5,0
5.55,-1.40554999999999,1.571,0,0.5,0
5.55,-1.4111,1.571,0,0.5,0
5.55,-1.41665,1.571,0,0.5,0
5.55,-1.42219999999999,1.571,0,0.5,0
5.55,-1.4278,1.571,0,0.5,0
5.55,-1.43335,1.571,0,0.5,0
5.55,-1.43889999999999,1.571,0,0.5,0
5.55,-1.44445,1.571,0,0.5,0
5.55,-1.45,0,0.5,0,0
5.55555,-1.45,0,0.5,0,0
5.5611,-1.45,0,0.5,0,0
5.56665,-1.45,0,0.5,0,0
5.5722,-1.45,0,0.5,0,0
5.5778,-1.45,0,0.5,0,0
5.58335,-1.45,0,0.5,0,0
5.5889,-1.45,0,0.5,0,0
5.59445,-1.45,0,0.5,0,0
5.6,-1.45,1.571,0,0.5,0
5.6,-1.45554999999999,1.571,0,0.5,0
5.6,-1.4611,1.571,0,0.5,0
5.6,-1.46665,1.571,0,0.5,0
5.6,-1.47219999999999,1.571,0,0.5,0
5.6,-1.4778,1.571,0,0.5,0
5.6,-1.48335,1.571,0,0.5,0
5.6,-1.48889999999999,1.571,0,0.5,0
5.6,-1.49445,1.571,0,0.5,0
5.6,-1.5,0,0.5,0,0
5.60555,-1.5,0,0.5,0,0
5.6111,-1.5,0,0.5,0,0
5.61665,-1.5,0,0.5,0,0
5.62219999999999,-1.5,0,0.5,0,0
5.6278,-1.5,0,0.5,0,0
5.63335,-1.5,0,0.5,0,0
5.6389,-1.5,0,0.5,0,0
5.64445,-1.5,0,0.5,0,0
5.65,-1.5,0,0.5,0,0
